column_id,text,label
enterprise_col_1,广州同心文化传媒有限公司,ENTERPRISE_NAME
enterprise_col_1,北京科技有限公司,ENTERPRISE_NAME
enterprise_col_1,深圳中科实业股份有限公司,ENTERPRISE_NAME
enterprise_col_1,param.4498.value,ENTERPRISE_NAME
enterprise_col_1,英迪4625集团有限公司,ENTERPRISE_NAME
enterprise_col_1,腾迅4623有限公司,ENTERPRISE_NAME
enterprise_col_1,N/A-4497,ENTERPRISE_NAME
enterprise_col_1,杭州信达控股有限公司,ENTERPRISE_NAME
enterprise_col_1,上海集团股份有限公司,ENTERPRISE_NAME
enterprise_col_1,华夏4622集团有限公司,ENTERPRISE_NAME
enterprise_col_1,华夏4624实业有限公司,ENTERPRISE_NAME
enterprise_col_1,云联4621实业有限公司,ENTERPRISE_NAME
enterprise_col_1,IDX00004494,ENTERPRISE_NAME
enterprise_col_1,上海腾迅投资集团有限公司,ENTERPRISE_NAME
enterprise_col_1,英迪4620集团有限公司,ENTERPRISE_NAME
enterprise_col_1,北京华夏科技有限公司,ENTERPRISE_NAME
enterprise_col_1,6017173_4495,ENTERPRISE_NAME
enterprise_col_1,英迪4619有限公司,ENTERPRISE_NAME
enterprise_col_1,param.4496.value,ENTERPRISE_NAME
enterprise_col_1,恒远4618集团有限公司,ENTERPRISE_NAME
enterprise_col_2,博瑞4634有限公司,ENTERPRISE_NAME
enterprise_col_2,华夏4632科技有限公司,ENTERPRISE_NAME
enterprise_col_2,unknown_4505,ENTERPRISE_NAME
enterprise_col_2,智汇4630集团有限公司,ENTERPRISE_NAME
enterprise_col_2,cfg_4500,ENTERPRISE_NAME
enterprise_col_2,英迪4635实业有限公司,ENTERPRISE_NAME
enterprise_col_2,成都鸿泰实业投资有限公司,ENTERPRISE_NAME
enterprise_col_2,华夏4628集团有限公司,ENTERPRISE_NAME
enterprise_col_2,24380459_4503,ENTERPRISE_NAME
enterprise_col_2,苏州英迪科技有限公司,ENTERPRISE_NAME
enterprise_col_2,云联4631有限公司,ENTERPRISE_NAME
enterprise_col_2,90198795_4499,ENTERPRISE_NAME
enterprise_col_2,2026-12-06#4504,ENTERPRISE_NAME
enterprise_col_2,南京博雅教育科技有限公司,ENTERPRISE_NAME
enterprise_col_2,天津瑞达建筑工程有限公司,ENTERPRISE_NAME
enterprise_col_2,重庆联合实业集团,ENTERPRISE_NAME
enterprise_col_2,param.4502.value,ENTERPRISE_NAME
enterprise_col_2,智汇4633科技有限公司,ENTERPRISE_NAME
enterprise_col_2,博瑞4629实业有限公司,ENTERPRISE_NAME
enterprise_col_2,unknown_4501,ENTERPRISE_NAME
enterprise_col_3,N/A-4506,ENTERPRISE_NAME
enterprise_col_3,cfg_4510,ENTERPRISE_NAME
enterprise_col_3,N/A-4509,ENTERPRISE_NAME
enterprise_col_3,云联4638科技有限公司,ENTERPRISE_NAME
enterprise_col_3,2021-10-08#4507,ENTERPRISE_NAME
enterprise_col_3,unknown_4511,ENTERPRISE_NAME
enterprise_col_3,英迪4641有限公司,ENTERPRISE_NAME
enterprise_col_3,合肥阳光环保科技有限公司,ENTERPRISE_NAME
enterprise_col_3,test_4513,ENTERPRISE_NAME
enterprise_col_3,腾迅4640集团有限公司,ENTERPRISE_NAME
enterprise_col_3,腾迅4643集团有限公司,ENTERPRISE_NAME
enterprise_col_3,云联4644科技有限公司,ENTERPRISE_NAME
enterprise_col_3,青岛康达医疗器械有限公司,ENTERPRISE_NAME
enterprise_col_3,西安未来能源集团有限公司,ENTERPRISE_NAME
enterprise_col_3,郑州中银物流有限公司,ENTERPRISE_NAME
enterprise_col_3,信达4639集团有限公司,ENTERPRISE_NAME
enterprise_col_3,哈尔滨金属材料有限公司,ENTERPRISE_NAME
enterprise_col_3,cfg_4508,ENTERPRISE_NAME
enterprise_col_3,IDX00004512,ENTERPRISE_NAME
enterprise_col_3,鸿泰4642股份有限公司,ENTERPRISE_NAME
enterprise_col_4,福州百顺电子商务有限公司,ENTERPRISE_NAME
enterprise_col_4,空值占位_4515,ENTERPRISE_NAME
enterprise_col_4,cfg_4514,ENTERPRISE_NAME
enterprise_col_4,华夏4655股份有限公司,ENTERPRISE_NAME
enterprise_col_4,石家庄恒大实业有限公司,ENTERPRISE_NAME
enterprise_col_4,博雅4648有限公司,ENTERPRISE_NAME
enterprise_col_4,华夏4653有限公司,ENTERPRISE_NAME
enterprise_col_4,英迪4654实业有限公司,ENTERPRISE_NAME
enterprise_col_4,中科4651股份有限公司,ENTERPRISE_NAME
enterprise_col_4,腾迅4650科技有限公司,ENTERPRISE_NAME
enterprise_col_4,长沙瑞丰汽车服务有限公司,ENTERPRISE_NAME
enterprise_col_4,博瑞4649科技有限公司,ENTERPRISE_NAME
enterprise_col_4,鸿泰1实业有限公司,ENTERPRISE_NAME
enterprise_col_4,昆明东方贸易有限公司,ENTERPRISE_NAME
enterprise_col_4,test_4516,ENTERPRISE_NAME
enterprise_col_4,云联4657集团有限公司,ENTERPRISE_NAME
enterprise_col_4,兰州盛世文化发展有限公司,ENTERPRISE_NAME
enterprise_col_4,中科2股份有限公司,ENTERPRISE_NAME
enterprise_col_4,腾迅4652科技有限公司,ENTERPRISE_NAME
enterprise_col_4,英迪4656有限公司,ENTERPRISE_NAME
enterprise_col_5,瑞达4658有限公司,ENTERPRISE_NAME
enterprise_col_5,空值占位_4518,ENTERPRISE_NAME
enterprise_col_5,青海生态旅游发展有限公司,ENTERPRISE_NAME
enterprise_col_5,华夏4660科技有限公司,ENTERPRISE_NAME
enterprise_col_5,cfg_4517,ENTERPRISE_NAME
enterprise_col_5,N/A-4524,ENTERPRISE_NAME
enterprise_col_5,N/A-4520,ENTERPRISE_NAME
enterprise_col_5,合肥华能能源集团,ENTERPRISE_NAME
enterprise_col_5,瑞达4659科技有限公司,ENTERPRISE_NAME
enterprise_col_5,济南和谐建设工程有限公司,ENTERPRISE_NAME
enterprise_col_5,系统导入_4521,ENTERPRISE_NAME
enterprise_col_5,腾迅4661实业有限公司,ENTERPRISE_NAME
enterprise_col_5,97899194_4519,ENTERPRISE_NAME
enterprise_col_5,中科4663实业有限公司,ENTERPRISE_NAME
enterprise_col_5,沈阳新视界传媒股份有限公司,ENTERPRISE_NAME
enterprise_col_5,海口丰盛国际贸易有限公司,ENTERPRISE_NAME
enterprise_col_5,系统导入_4522,ENTERPRISE_NAME
enterprise_col_5,param.4525.value,ENTERPRISE_NAME
enterprise_col_5,博瑞4662集团有限公司,ENTERPRISE_NAME
enterprise_col_5,N/A-4523,ENTERPRISE_NAME
enterprise_col_6,武汉云创科技有限公司,ENTERPRISE_NAME
enterprise_col_6,瑞达4675科技有限公司,ENTERPRISE_NAME
enterprise_col_6,云联4671实业有限公司,ENTERPRISE_NAME
enterprise_col_6,param.4526.value,ENTERPRISE_NAME
enterprise_col_6,中科4676集团有限公司,ENTERPRISE_NAME
enterprise_col_6,云联4672实业有限公司,ENTERPRISE_NAME
enterprise_col_6,16900303805,ENTERPRISE_NAME
enterprise_col_6,太原新世纪投资控股有限公司,ENTERPRISE_NAME
enterprise_col_6,IDX00004529,ENTERPRISE_NAME
enterprise_col_6,cfg_4530,ENTERPRISE_NAME
enterprise_col_6,华夏4680有限公司,ENTERPRISE_NAME
enterprise_col_6,unknown_4527,ENTERPRISE_NAME
enterprise_col_6,瑞达4673科技有限公司,ENTERPRISE_NAME
enterprise_col_6,信达4678集团有限公司,ENTERPRISE_NAME
enterprise_col_6,贵阳正信资产管理有限公司,ENTERPRISE_NAME
enterprise_col_6,腾迅4674有限公司,ENTERPRISE_NAME
enterprise_col_6,南昌龙腾建筑设计有限公司,ENTERPRISE_NAME
enterprise_col_6,长沙博雅教育咨询有限公司,ENTERPRISE_NAME
enterprise_col_6,瑞达4677科技有限公司,ENTERPRISE_NAME
enterprise_col_6,信达4679实业有限公司,ENTERPRISE_NAME
enterprise_col_7,无锡兴业环保科技有限公司,ENTERPRISE_NAME
enterprise_col_7,智汇4683集团有限公司,ENTERPRISE_NAME
enterprise_col_7,云联4686实业有限公司,ENTERPRISE_NAME
enterprise_col_7,IDX00004535,ENTERPRISE_NAME
enterprise_col_7,IDX00004533,ENTERPRISE_NAME
enterprise_col_7,合肥新势力信息科技有限公司,ENTERPRISE_NAME
enterprise_col_7,N/A-4531,ENTERPRISE_NAME
enterprise_col_7,恒远4689集团有限公司,ENTERPRISE_NAME
enterprise_col_7,信达4685股份有限公司,ENTERPRISE_NAME
enterprise_col_7,云联4687股份有限公司,ENTERPRISE_NAME
enterprise_col_7,郑州恒信物业管理有限公司,ENTERPRISE_NAME
enterprise_col_7,2019-01-27#4534,ENTERPRISE_NAME
enterprise_col_7,华夏4684有限公司,ENTERPRISE_NAME
enterprise_col_7,瑞达4688实业有限公司,ENTERPRISE_NAME
enterprise_col_7,cfg_4537,ENTERPRISE_NAME
enterprise_col_7,2026-07-17#4536,ENTERPRISE_NAME
enterprise_col_7,IDX00004532,ENTERPRISE_NAME
enterprise_col_7,华夏4682科技有限公司,ENTERPRISE_NAME
enterprise_col_7,乌鲁木齐丝路实业有限公司,ENTERPRISE_NAME
enterprise_col_7,洛阳东方国际物流有限公司,ENTERPRISE_NAME
enterprise_col_8,智汇4692实业有限公司,ENTERPRISE_NAME
enterprise_col_8,华夏4694实业有限公司,ENTERPRISE_NAME
enterprise_col_8,呼和浩特恒信能源有限公司,ENTERPRISE_NAME
enterprise_col_8,华夏4697股份有限公司,ENTERPRISE_NAME
enterprise_col_8,N/A-4544,ENTERPRISE_NAME
enterprise_col_8,石家庄新世纪实业集团,ENTERPRISE_NAME
enterprise_col_8,南宁蓝海贸易有限公司,ENTERPRISE_NAME
enterprise_col_8,系统导入_4539,ENTERPRISE_NAME
enterprise_col_8,恒远4696科技有限公司,ENTERPRISE_NAME
enterprise_col_8,cfg_4541,ENTERPRISE_NAME
enterprise_col_8,unknown_4542,ENTERPRISE_NAME
enterprise_col_8,华夏4695科技有限公司,ENTERPRISE_NAME
enterprise_col_8,长春银座商业管理有限公司,ENTERPRISE_NAME
enterprise_col_8,瑞达4698有限公司,ENTERPRISE_NAME
enterprise_col_8,历史数据_4540,ENTERPRISE_NAME
enterprise_col_8,2021-07-11#4543,ENTERPRISE_NAME
enterprise_col_8,华夏4693实业有限公司,ENTERPRISE_NAME
enterprise_col_8,贵港榕泰农业科技有限公司,ENTERPRISE_NAME
enterprise_col_8,2025-02-21#4538,ENTERPRISE_NAME
enterprise_col_8,unknown_4545,ENTERPRISE_NAME
enterprise_col_9,恒远4712实业有限公司,ENTERPRISE_NAME
enterprise_col_9,2019-06-08#4551,ENTERPRISE_NAME
enterprise_col_9,英迪4707实业有限公司,ENTERPRISE_NAME
enterprise_col_9,保定长城房地产开发有限公司,ENTERPRISE_NAME
enterprise_col_9,信达4710科技有限公司,ENTERPRISE_NAME
enterprise_col_9,IDX00004547,ENTERPRISE_NAME
enterprise_col_9,上海大宁国际贸易有限公司,ENTERPRISE_NAME
enterprise_col_9,洛阳金桥电子商务有限公司,ENTERPRISE_NAME
enterprise_col_9,南昌市祥云保险有限公司,ENTERPRISE_NAME
enterprise_col_9,中科4711科技有限公司,ENTERPRISE_NAME
enterprise_col_9,云联4713实业有限公司,ENTERPRISE_NAME
enterprise_col_9,待核实_4548,ENTERPRISE_NAME
enterprise_col_9,IDX00004550,ENTERPRISE_NAME
enterprise_col_9,宁波海尔电器集团有限公司,ENTERPRISE_NAME
enterprise_col_9,腾迅4714集团有限公司,ENTERPRISE_NAME
enterprise_col_9,IDX00004552,ENTERPRISE_NAME
enterprise_col_9,unknown_4549,ENTERPRISE_NAME
enterprise_col_9,智汇4708科技有限公司,ENTERPRISE_NAME
enterprise_col_9,param.4546.value,ENTERPRISE_NAME
enterprise_col_9,博雅4709股份有限公司,ENTERPRISE_NAME
enterprise_col_10,腾迅4724集团有限公司,ENTERPRISE_NAME
enterprise_col_10,56944111_4556,ENTERPRISE_NAME
enterprise_col_10,信达4723股份有限公司,ENTERPRISE_NAME
enterprise_col_10,14657470862,ENTERPRISE_NAME
enterprise_col_10,英迪4722科技有限公司,ENTERPRISE_NAME
enterprise_col_10,备注信息_4555,ENTERPRISE_NAME
enterprise_col_10,鸿泰4726股份有限公司,ENTERPRISE_NAME
enterprise_col_10,广东鸿图信息科技有限公司,ENTERPRISE_NAME
enterprise_col_10,智汇4727集团有限公司,ENTERPRISE_NAME
enterprise_col_10,unknown_4553,ENTERPRISE_NAME
enterprise_col_10,云南金鼎实业投资有限公司,ENTERPRISE_NAME
enterprise_col_10,英迪4720集团有限公司,ENTERPRISE_NAME
enterprise_col_10,浙江双兴精密制造有限公司,ENTERPRISE_NAME
enterprise_col_10,华夏4721股份有限公司,ENTERPRISE_NAME
enterprise_col_10,3196620_4554,ENTERPRISE_NAME
enterprise_col_10,云联4728科技有限公司,ENTERPRISE_NAME
enterprise_col_10,福建新天地商务咨询有限公司,ENTERPRISE_NAME
enterprise_col_10,河北盛世文化传媒有限公司,ENTERPRISE_NAME
enterprise_col_10,2025-10-04#4558,ENTERPRISE_NAME
enterprise_col_10,瑞达4725科技有限公司,ENTERPRISE_NAME
enterprise_col_11,云联4736有限公司,ENTERPRISE_NAME
enterprise_col_11,博雅4739科技有限公司,ENTERPRISE_NAME
enterprise_col_11,南京市英迪有限公司,ENTERPRISE_NAME
enterprise_col_11,中科4734实业有限公司,ENTERPRISE_NAME
enterprise_col_11,信达4742集团有限公司,ENTERPRISE_NAME
enterprise_col_11,华夏4740股份有限公司,ENTERPRISE_NAME
enterprise_col_11,信达4735科技有限公司,ENTERPRISE_NAME
enterprise_col_11,天津市英迪股份有限公司,ENTERPRISE_NAME
enterprise_col_11,IDX00004560,ENTERPRISE_NAME
enterprise_col_11,瑞达4733股份有限公司,ENTERPRISE_NAME
enterprise_col_11,中科4743股份有限公司,ENTERPRISE_NAME
enterprise_col_11,厦门市博瑞股份有限公司,ENTERPRISE_NAME
enterprise_col_11,unknown_4561,ENTERPRISE_NAME
enterprise_col_11,瑞达4738股份有限公司,ENTERPRISE_NAME
enterprise_col_11,西安市云联实业有限公司,ENTERPRISE_NAME
enterprise_col_11,param.4559.value,ENTERPRISE_NAME
enterprise_col_11,英迪4741实业有限公司,ENTERPRISE_NAME
enterprise_col_11,厦门市信达实业有限公司,ENTERPRISE_NAME
enterprise_col_11,信达4737科技有限公司,ENTERPRISE_NAME
enterprise_col_11,厦门市博雅实业有限公司,ENTERPRISE_NAME
enterprise_col_12,西安市华夏实业有限公司,ENTERPRISE_NAME
enterprise_col_12,南京市瑞达集团有限公司,ENTERPRISE_NAME
enterprise_col_12,深圳市英迪实业有限公司,ENTERPRISE_NAME
enterprise_col_12,华夏4751集团有限公司,ENTERPRISE_NAME
enterprise_col_12,恒远4755有限公司,ENTERPRISE_NAME
enterprise_col_12,云联4753实业有限公司,ENTERPRISE_NAME
enterprise_col_12,苏州市瑞达实业有限公司,ENTERPRISE_NAME
enterprise_col_12,历史数据_4565,ENTERPRISE_NAME
enterprise_col_12,北京市信达集团有限公司,ENTERPRISE_NAME
enterprise_col_12,南京市博瑞股份有限公司,ENTERPRISE_NAME
enterprise_col_12,鸿泰4747有限公司,ENTERPRISE_NAME
enterprise_col_12,武汉市瑞达集团有限公司,ENTERPRISE_NAME
enterprise_col_12,cfg_4562,ENTERPRISE_NAME
enterprise_col_12,IDX00004563,ENTERPRISE_NAME
enterprise_col_12,博瑞4749股份有限公司,ENTERPRISE_NAME
enterprise_col_12,腾迅4752实业有限公司,ENTERPRISE_NAME
enterprise_col_12,信达4754有限公司,ENTERPRISE_NAME
enterprise_col_12,云联4748有限公司,ENTERPRISE_NAME
enterprise_col_12,test_4564,ENTERPRISE_NAME
enterprise_col_12,信达4750实业有限公司,ENTERPRISE_NAME
enterprise_col_13,腾迅4764实业有限公司,ENTERPRISE_NAME
enterprise_col_13,博瑞4767有限公司,ENTERPRISE_NAME
enterprise_col_13,西安市智汇科技有限公司,ENTERPRISE_NAME
enterprise_col_13,成都市博瑞科技有限公司,ENTERPRISE_NAME
enterprise_col_13,博雅4760实业有限公司,ENTERPRISE_NAME
enterprise_col_13,cfg_4568,ENTERPRISE_NAME
enterprise_col_13,青岛市云联实业有限公司,ENTERPRISE_NAME
enterprise_col_13,云联4761有限公司,ENTERPRISE_NAME
enterprise_col_13,重庆市信达科技有限公司,ENTERPRISE_NAME
enterprise_col_13,南京市博瑞科技有限公司,ENTERPRISE_NAME
enterprise_col_13,英迪4765科技有限公司,ENTERPRISE_NAME
enterprise_col_13,中科4766股份有限公司,ENTERPRISE_NAME
enterprise_col_13,广州市云联实业有限公司,ENTERPRISE_NAME
enterprise_col_13,英迪4762集团有限公司,ENTERPRISE_NAME
enterprise_col_13,IDX00004566,ENTERPRISE_NAME
enterprise_col_13,成都市英迪集团有限公司,ENTERPRISE_NAME
enterprise_col_13,鸿泰4763科技有限公司,ENTERPRISE_NAME
enterprise_col_13,南京市英迪实业有限公司,ENTERPRISE_NAME
enterprise_col_13,test_4567,ENTERPRISE_NAME
enterprise_col_13,青岛市华夏股份有限公司,ENTERPRISE_NAME
enterprise_col_14,26269924_4573,ENTERPRISE_NAME
enterprise_col_14,54040014_4571,ENTERPRISE_NAME
enterprise_col_14,大连市云联集团有限公司,ENTERPRISE_NAME
enterprise_col_14,unknown_4572,ENTERPRISE_NAME
enterprise_col_14,test_4570,ENTERPRISE_NAME
enterprise_col_14,博瑞4772集团有限公司,ENTERPRISE_NAME
enterprise_col_14,大连市鸿泰集团有限公司,ENTERPRISE_NAME
enterprise_col_14,信达4780有限公司,ENTERPRISE_NAME
enterprise_col_14,云联4779实业有限公司,ENTERPRISE_NAME
enterprise_col_14,英迪4775有限公司,ENTERPRISE_NAME
enterprise_col_14,博瑞4778有限公司,ENTERPRISE_NAME
enterprise_col_14,云联4781科技有限公司,ENTERPRISE_NAME
enterprise_col_14,西安市博雅股份有限公司,ENTERPRISE_NAME
enterprise_col_14,腾迅4774股份有限公司,ENTERPRISE_NAME
enterprise_col_14,厦门市博瑞集团有限公司,ENTERPRISE_NAME
enterprise_col_14,云联4773集团有限公司,ENTERPRISE_NAME
enterprise_col_14,信达4771科技有限公司,ENTERPRISE_NAME
enterprise_col_14,cfg_4569,ENTERPRISE_NAME
enterprise_col_14,云联4777集团有限公司,ENTERPRISE_NAME
enterprise_col_14,博雅4776科技有限公司,ENTERPRISE_NAME
enterprise_col_15,智汇4791股份有限公司,ENTERPRISE_NAME
enterprise_col_15,英迪4790集团有限公司,ENTERPRISE_NAME
enterprise_col_15,16776835243,ENTERPRISE_NAME
enterprise_col_15,cfg_4582,ENTERPRISE_NAME
enterprise_col_15,广州市云联集团有限公司,ENTERPRISE_NAME
enterprise_col_15,IDX00004578,ENTERPRISE_NAME
enterprise_col_15,71146366_4576,ENTERPRISE_NAME
enterprise_col_15,IDX00004574,ENTERPRISE_NAME
enterprise_col_15,信达4787有限公司,ENTERPRISE_NAME
enterprise_col_15,瑞达4789集团有限公司,ENTERPRISE_NAME
enterprise_col_15,2021-06-02#4577,ENTERPRISE_NAME
enterprise_col_15,19202007830,ENTERPRISE_NAME
enterprise_col_15,深圳市恒远实业有限公司,ENTERPRISE_NAME
enterprise_col_15,历史数据_4583,ENTERPRISE_NAME
enterprise_col_15,重庆市智汇股份有限公司,ENTERPRISE_NAME
enterprise_col_15,广州市智汇有限公司,ENTERPRISE_NAME
enterprise_col_15,IDX00004579,ENTERPRISE_NAME
enterprise_col_15,中科4788科技有限公司,ENTERPRISE_NAME
enterprise_col_15,param.4575.value,ENTERPRISE_NAME
enterprise_col_15,深圳市鸿泰科技有限公司,ENTERPRISE_NAME
enterprise_col_16,2019-09-25#4584,ENTERPRISE_NAME
enterprise_col_16,大连市信达集团有限公司,ENTERPRISE_NAME
enterprise_col_16,test_4589,ENTERPRISE_NAME
enterprise_col_16,青岛市博瑞有限公司,ENTERPRISE_NAME
enterprise_col_16,西安市华夏股份有限公司,ENTERPRISE_NAME
enterprise_col_16,2024-05-06#4585,ENTERPRISE_NAME
enterprise_col_16,鸿泰4802股份有限公司,ENTERPRISE_NAME
enterprise_col_16,unknown_4590,ENTERPRISE_NAME
enterprise_col_16,南京市博雅股份有限公司,ENTERPRISE_NAME
enterprise_col_16,上海市瑞达股份有限公司,ENTERPRISE_NAME
enterprise_col_16,15851969163,ENTERPRISE_NAME
enterprise_col_16,青岛市云联有限公司,ENTERPRISE_NAME
enterprise_col_16,鸿泰4805有限公司,ENTERPRISE_NAME
enterprise_col_16,深圳市英迪科技有限公司,ENTERPRISE_NAME
enterprise_col_16,param.4588.value,ENTERPRISE_NAME
enterprise_col_16,英迪4804集团有限公司,ENTERPRISE_NAME
enterprise_col_16,苏州市英迪实业有限公司,ENTERPRISE_NAME
enterprise_col_16,N/A-4586,ENTERPRISE_NAME
enterprise_col_16,恒远4806股份有限公司,ENTERPRISE_NAME
enterprise_col_16,信达4803科技有限公司,ENTERPRISE_NAME
enterprise_col_17,苏州市云联股份有限公司,ENTERPRISE_NAME
enterprise_col_17,苏州市鸿泰科技有限公司,ENTERPRISE_NAME
enterprise_col_17,信达4819科技有限公司,ENTERPRISE_NAME
enterprise_col_17,上海市鸿泰有限公司,ENTERPRISE_NAME
enterprise_col_17,2020-07-04#4593,ENTERPRISE_NAME
enterprise_col_17,N/A-4591,ENTERPRISE_NAME
enterprise_col_17,瑞达4816集团有限公司,ENTERPRISE_NAME
enterprise_col_17,博瑞4815有限公司,ENTERPRISE_NAME
enterprise_col_17,鸿泰4817股份有限公司,ENTERPRISE_NAME
enterprise_col_17,瑞达4822科技有限公司,ENTERPRISE_NAME
enterprise_col_17,云联4823股份有限公司,ENTERPRISE_NAME
enterprise_col_17,IDX00004594,ENTERPRISE_NAME
enterprise_col_17,智汇4814科技有限公司,ENTERPRISE_NAME
enterprise_col_17,杭州市信达集团有限公司,ENTERPRISE_NAME
enterprise_col_17,信达4818有限公司,ENTERPRISE_NAME
enterprise_col_17,恒远4821集团有限公司,ENTERPRISE_NAME
enterprise_col_17,天津市智汇股份有限公司,ENTERPRISE_NAME
enterprise_col_17,信达4820股份有限公司,ENTERPRISE_NAME
enterprise_col_17,2018-03-25#4592,ENTERPRISE_NAME
enterprise_col_17,大连市智汇有限公司,ENTERPRISE_NAME
enterprise_col_18,N/A-4597,ENTERPRISE_NAME
enterprise_col_18,杭州市信达实业有限公司,ENTERPRISE_NAME
enterprise_col_18,华夏4831科技有限公司,ENTERPRISE_NAME
enterprise_col_18,19895708596,ENTERPRISE_NAME
enterprise_col_18,重庆市博雅实业有限公司,ENTERPRISE_NAME
enterprise_col_18,重庆市云联有限公司,ENTERPRISE_NAME
enterprise_col_18,test_4600,ENTERPRISE_NAME
enterprise_col_18,unknown_4602,ENTERPRISE_NAME
enterprise_col_18,天津市华夏集团有限公司,ENTERPRISE_NAME
enterprise_col_18,cfg_4598,ENTERPRISE_NAME
enterprise_col_18,test_4599,ENTERPRISE_NAME
enterprise_col_18,博雅4830科技有限公司,ENTERPRISE_NAME
enterprise_col_18,智汇4828科技有限公司,ENTERPRISE_NAME
enterprise_col_18,武汉市云联股份有限公司,ENTERPRISE_NAME
enterprise_col_18,青岛市智汇股份有限公司,ENTERPRISE_NAME
enterprise_col_18,鸿泰4829有限公司,ENTERPRISE_NAME
enterprise_col_18,2023-10-10#4595,ENTERPRISE_NAME
enterprise_col_18,西安市智汇有限公司,ENTERPRISE_NAME
enterprise_col_18,cfg_4601,ENTERPRISE_NAME
enterprise_col_18,天津市恒远实业有限公司,ENTERPRISE_NAME
enterprise_col_19,69659808_4604,ENTERPRISE_NAME
enterprise_col_19,博雅4846集团有限公司,ENTERPRISE_NAME
enterprise_col_19,unknown_4607,ENTERPRISE_NAME
enterprise_col_19,中科4842集团有限公司,ENTERPRISE_NAME
enterprise_col_19,恒远4841科技有限公司,ENTERPRISE_NAME
enterprise_col_19,上海市华夏实业有限公司,ENTERPRISE_NAME
enterprise_col_19,武汉市瑞达有限公司,ENTERPRISE_NAME
enterprise_col_19,武汉市恒远股份有限公司,ENTERPRISE_NAME
enterprise_col_19,N/A-4605,ENTERPRISE_NAME
enterprise_col_19,腾迅4845集团有限公司,ENTERPRISE_NAME
enterprise_col_19,广州市瑞达实业有限公司,ENTERPRISE_NAME
enterprise_col_19,北京市博雅股份有限公司,ENTERPRISE_NAME
enterprise_col_19,苏州市云联有限公司,ENTERPRISE_NAME
enterprise_col_19,西安市信达有限公司,ENTERPRISE_NAME
enterprise_col_19,瑞达4843科技有限公司,ENTERPRISE_NAME
enterprise_col_19,瑞达4844实业有限公司,ENTERPRISE_NAME
enterprise_col_19,param.4606.value,ENTERPRISE_NAME
enterprise_col_19,武汉市恒远实业有限公司,ENTERPRISE_NAME
enterprise_col_19,param.4603.value,ENTERPRISE_NAME
enterprise_col_19,英迪4840集团有限公司,ENTERPRISE_NAME
enterprise_col_20,博瑞4859股份有限公司,ENTERPRISE_NAME
enterprise_col_20,信达4854科技有限公司,ENTERPRISE_NAME
enterprise_col_20,恒远4861科技有限公司,ENTERPRISE_NAME
enterprise_col_20,unknown_4610,ENTERPRISE_NAME
enterprise_col_20,中科4852有限公司,ENTERPRISE_NAME
enterprise_col_20,中科4858实业有限公司,ENTERPRISE_NAME
enterprise_col_20,7757658_4608,ENTERPRISE_NAME
enterprise_col_20,大连市鸿泰科技有限公司,ENTERPRISE_NAME
enterprise_col_20,重庆市华夏有限公司,ENTERPRISE_NAME
enterprise_col_20,云联4856实业有限公司,ENTERPRISE_NAME
enterprise_col_20,深圳市信达有限公司,ENTERPRISE_NAME
enterprise_col_20,华夏4853股份有限公司,ENTERPRISE_NAME
enterprise_col_20,鸿泰4860有限公司,ENTERPRISE_NAME
enterprise_col_20,深圳市智汇有限公司,ENTERPRISE_NAME
enterprise_col_20,中科4857集团有限公司,ENTERPRISE_NAME
enterprise_col_20,腾迅4855有限公司,ENTERPRISE_NAME
enterprise_col_20,武汉市华夏集团有限公司,ENTERPRISE_NAME
enterprise_col_20,北京市鸿泰集团有限公司,ENTERPRISE_NAME
enterprise_col_20,厦门市博瑞科技有限公司,ENTERPRISE_NAME
enterprise_col_20,cfg_4609,ENTERPRISE_NAME
enterprise_col_21,17452218804,ENTERPRISE_NAME
enterprise_col_21,IDX00004616,ENTERPRISE_NAME
enterprise_col_21,cfg_4615,ENTERPRISE_NAME
enterprise_col_21,深圳市云联股份有限公司,ENTERPRISE_NAME
enterprise_col_21,厦门市华夏股份有限公司,ENTERPRISE_NAME
enterprise_col_21,瑞达4871股份有限公司,ENTERPRISE_NAME
enterprise_col_21,腾迅4866股份有限公司,ENTERPRISE_NAME
enterprise_col_21,恒远4865股份有限公司,ENTERPRISE_NAME
enterprise_col_21,杭州市博雅实业有限公司,ENTERPRISE_NAME
enterprise_col_21,80928482_4613,ENTERPRISE_NAME
enterprise_col_21,云联4867有限公司,ENTERPRISE_NAME
enterprise_col_21,西安市恒远有限公司,ENTERPRISE_NAME
enterprise_col_21,南京市智汇股份有限公司,ENTERPRISE_NAME
enterprise_col_21,恒远4868科技有限公司,ENTERPRISE_NAME
enterprise_col_21,南京市瑞达有限公司,ENTERPRISE_NAME
enterprise_col_21,IDX00004611,ENTERPRISE_NAME
enterprise_col_21,华夏4869股份有限公司,ENTERPRISE_NAME
enterprise_col_21,unknown_4614,ENTERPRISE_NAME
enterprise_col_21,苏州市华夏股份有限公司,ENTERPRISE_NAME
enterprise_col_21,博雅4870股份有限公司,ENTERPRISE_NAME
enterprise_col_22,青岛市信达股份有限公司,ENTERPRISE_NAME
enterprise_col_22,成都市鸿泰科技有限公司,ENTERPRISE_NAME
enterprise_col_22,杭州市智汇实业有限公司,ENTERPRISE_NAME
enterprise_col_22,天津市博瑞科技有限公司,ENTERPRISE_NAME
enterprise_col_22,博雅4878科技有限公司,ENTERPRISE_NAME
enterprise_col_22,64700157_4621,ENTERPRISE_NAME
enterprise_col_22,unknown_4617,ENTERPRISE_NAME
enterprise_col_22,cfg_4620,ENTERPRISE_NAME
enterprise_col_22,test_4624,ENTERPRISE_NAME
enterprise_col_22,param.4618.value,ENTERPRISE_NAME
enterprise_col_22,北京市信达科技有限公司,ENTERPRISE_NAME
enterprise_col_22,博瑞4880集团有限公司,ENTERPRISE_NAME
enterprise_col_22,15346029583,ENTERPRISE_NAME
enterprise_col_22,重庆市智汇科技有限公司,ENTERPRISE_NAME
enterprise_col_22,test_4623,ENTERPRISE_NAME
enterprise_col_22,英迪4881股份有限公司,ENTERPRISE_NAME
enterprise_col_22,unknown_4622,ENTERPRISE_NAME
enterprise_col_22,param.4626.value,ENTERPRISE_NAME
enterprise_col_22,信达4879有限公司,ENTERPRISE_NAME
enterprise_col_22,10806098_4619,ENTERPRISE_NAME
enterprise_col_23,信达4896有限公司,ENTERPRISE_NAME
enterprise_col_23,cfg_4634,ENTERPRISE_NAME
enterprise_col_23,param.4635.value,ENTERPRISE_NAME
enterprise_col_23,空值占位_4629,ENTERPRISE_NAME
enterprise_col_23,北京市云联科技有限公司,ENTERPRISE_NAME
enterprise_col_23,param.4636.value,ENTERPRISE_NAME
enterprise_col_23,unknown_4632,ENTERPRISE_NAME
enterprise_col_23,智汇4894集团有限公司,ENTERPRISE_NAME
enterprise_col_23,test_4633,ENTERPRISE_NAME
enterprise_col_23,中科4893股份有限公司,ENTERPRISE_NAME
enterprise_col_23,鸿泰4895集团有限公司,ENTERPRISE_NAME
enterprise_col_23,历史数据_4627,ENTERPRISE_NAME
enterprise_col_23,cfg_4630,ENTERPRISE_NAME
enterprise_col_23,cfg_4628,ENTERPRISE_NAME
enterprise_col_23,天津市华夏有限公司,ENTERPRISE_NAME
enterprise_col_23,大连市博雅集团有限公司,ENTERPRISE_NAME
enterprise_col_23,信达4892股份有限公司,ENTERPRISE_NAME
enterprise_col_23,青岛市智汇集团有限公司,ENTERPRISE_NAME
enterprise_col_23,深圳市博雅有限公司,ENTERPRISE_NAME
enterprise_col_23,2024-03-27#4631,ENTERPRISE_NAME
enterprise_col_24,unknown_4637,ENTERPRISE_NAME
enterprise_col_24,北京市智汇股份有限公司,ENTERPRISE_NAME
enterprise_col_24,unknown_4644,ENTERPRISE_NAME
enterprise_col_24,重庆市信达集团有限公司,ENTERPRISE_NAME
enterprise_col_24,博瑞4908集团有限公司,ENTERPRISE_NAME
enterprise_col_24,unknown_4641,ENTERPRISE_NAME
enterprise_col_24,中科4909实业有限公司,ENTERPRISE_NAME
enterprise_col_24,19344902_4638,ENTERPRISE_NAME
enterprise_col_24,IDX00004639,ENTERPRISE_NAME
enterprise_col_24,武汉市恒远科技有限公司,ENTERPRISE_NAME
enterprise_col_24,IDX00004643,ENTERPRISE_NAME
enterprise_col_24,华夏4910集团有限公司,ENTERPRISE_NAME
enterprise_col_24,苏州市英迪股份有限公司,ENTERPRISE_NAME
enterprise_col_24,恒远4911实业有限公司,ENTERPRISE_NAME
enterprise_col_24,cfg_4642,ENTERPRISE_NAME
enterprise_col_24,云联4907科技有限公司,ENTERPRISE_NAME
enterprise_col_24,青岛市信达集团有限公司,ENTERPRISE_NAME
enterprise_col_24,上海市博雅股份有限公司,ENTERPRISE_NAME
enterprise_col_24,param.4640.value,ENTERPRISE_NAME
enterprise_col_24,cfg_4645,ENTERPRISE_NAME
enterprise_col_25,南京市云联股份有限公司,ENTERPRISE_NAME
enterprise_col_25,华夏4930集团有限公司,ENTERPRISE_NAME
enterprise_col_25,已删除_4646,ENTERPRISE_NAME
enterprise_col_25,云联4922集团有限公司,ENTERPRISE_NAME
enterprise_col_25,瑞达4931集团有限公司,ENTERPRISE_NAME
enterprise_col_25,成都市智汇集团有限公司,ENTERPRISE_NAME
enterprise_col_25,青岛市智汇科技有限公司,ENTERPRISE_NAME
enterprise_col_25,华夏4925集团有限公司,ENTERPRISE_NAME
enterprise_col_25,博瑞4923科技有限公司,ENTERPRISE_NAME
enterprise_col_25,华夏4929实业有限公司,ENTERPRISE_NAME
enterprise_col_25,腾迅4924股份有限公司,ENTERPRISE_NAME
enterprise_col_25,N/A-4647,ENTERPRISE_NAME
enterprise_col_25,苏州市信达集团有限公司,ENTERPRISE_NAME
enterprise_col_25,英迪4928实业有限公司,ENTERPRISE_NAME
enterprise_col_25,中科4927集团有限公司,ENTERPRISE_NAME
enterprise_col_25,武汉市博雅科技有限公司,ENTERPRISE_NAME
enterprise_col_25,博雅4926有限公司,ENTERPRISE_NAME
enterprise_col_25,广州市博瑞有限公司,ENTERPRISE_NAME
enterprise_col_25,中科4932科技有限公司,ENTERPRISE_NAME
enterprise_col_25,云联4921股份有限公司,ENTERPRISE_NAME
enterprise_col_26,15295607560,ENTERPRISE_NAME
enterprise_col_26,北京市英迪集团有限公司,ENTERPRISE_NAME
enterprise_col_26,上海市华夏有限公司,ENTERPRISE_NAME
enterprise_col_26,北京市瑞达实业有限公司,ENTERPRISE_NAME
enterprise_col_26,苏州市博雅有限公司,ENTERPRISE_NAME
enterprise_col_26,N/A-4655,ENTERPRISE_NAME
enterprise_col_26,北京市智汇实业有限公司,ENTERPRISE_NAME
enterprise_col_26,北京市英迪有限公司,ENTERPRISE_NAME
enterprise_col_26,青岛市智汇有限公司,ENTERPRISE_NAME
enterprise_col_26,待核实_4649,ENTERPRISE_NAME
enterprise_col_26,unknown_4652,ENTERPRISE_NAME
enterprise_col_26,智汇4935股份有限公司,ENTERPRISE_NAME
enterprise_col_26,鸿泰4937科技有限公司,ENTERPRISE_NAME
enterprise_col_26,cfg_4648,ENTERPRISE_NAME
enterprise_col_26,空值占位_4656,ENTERPRISE_NAME
enterprise_col_26,unknown_4651,ENTERPRISE_NAME
enterprise_col_26,华夏4936科技有限公司,ENTERPRISE_NAME
enterprise_col_26,15188622957,ENTERPRISE_NAME
enterprise_col_26,unknown_4650,ENTERPRISE_NAME
enterprise_col_26,param.4654.value,ENTERPRISE_NAME
enterprise_col_27,瑞达4949集团有限公司,ENTERPRISE_NAME
enterprise_col_27,2021-08-19#4658,ENTERPRISE_NAME
enterprise_col_27,武汉市华夏有限公司,ENTERPRISE_NAME
enterprise_col_27,广州市智汇集团有限公司,ENTERPRISE_NAME
enterprise_col_27,73885765_4661,ENTERPRISE_NAME
enterprise_col_27,2026-12-25#4662,ENTERPRISE_NAME
enterprise_col_27,广州市智汇实业有限公司,ENTERPRISE_NAME
enterprise_col_27,博瑞4948实业有限公司,ENTERPRISE_NAME
enterprise_col_27,param.4660.value,ENTERPRISE_NAME
enterprise_col_27,智汇4951有限公司,ENTERPRISE_NAME
enterprise_col_27,上海市信达科技有限公司,ENTERPRISE_NAME
enterprise_col_27,信达4952股份有限公司,ENTERPRISE_NAME
enterprise_col_27,博雅4953实业有限公司,ENTERPRISE_NAME
enterprise_col_27,瑞达4954集团有限公司,ENTERPRISE_NAME
enterprise_col_27,杭州市华夏实业有限公司,ENTERPRISE_NAME
enterprise_col_27,苏州市鸿泰股份有限公司,ENTERPRISE_NAME
enterprise_col_27,青岛市恒远有限公司,ENTERPRISE_NAME
enterprise_col_27,cfg_4663,ENTERPRISE_NAME
enterprise_col_27,鸿泰4950实业有限公司,ENTERPRISE_NAME
enterprise_col_27,param.4659.value,ENTERPRISE_NAME
enterprise_col_28,test_4664,ENTERPRISE_NAME
enterprise_col_28,上海市博雅科技有限公司,ENTERPRISE_NAME
enterprise_col_28,信达4965股份有限公司,ENTERPRISE_NAME
enterprise_col_28,智汇4966实业有限公司,ENTERPRISE_NAME
enterprise_col_28,N/A-4667,ENTERPRISE_NAME
enterprise_col_28,信达4967科技有限公司,ENTERPRISE_NAME
enterprise_col_28,大连市华夏股份有限公司,ENTERPRISE_NAME
enterprise_col_28,68174539_4665,ENTERPRISE_NAME
enterprise_col_28,博瑞4969有限公司,ENTERPRISE_NAME
enterprise_col_28,鸿泰4963集团有限公司,ENTERPRISE_NAME
enterprise_col_28,苏州市云联实业有限公司,ENTERPRISE_NAME
enterprise_col_28,2018-12-27#4666,ENTERPRISE_NAME
enterprise_col_28,腾迅4962科技有限公司,ENTERPRISE_NAME
enterprise_col_28,北京市博瑞集团有限公司,ENTERPRISE_NAME
enterprise_col_28,中科4968有限公司,ENTERPRISE_NAME
enterprise_col_28,武汉市云联有限公司,ENTERPRISE_NAME
enterprise_col_28,成都市瑞达有限公司,ENTERPRISE_NAME
enterprise_col_28,鸿泰4961集团有限公司,ENTERPRISE_NAME
enterprise_col_28,厦门市鸿泰有限公司,ENTERPRISE_NAME
enterprise_col_28,瑞达4964股份有限公司,ENTERPRISE_NAME
enterprise_col_29,unknown_4672,ENTERPRISE_NAME
enterprise_col_29,成都市华夏有限公司,ENTERPRISE_NAME
enterprise_col_29,苏州市英迪集团有限公司,ENTERPRISE_NAME
enterprise_col_29,test_4676,ENTERPRISE_NAME
enterprise_col_29,青岛市恒远集团有限公司,ENTERPRISE_NAME
enterprise_col_29,13899841972,ENTERPRISE_NAME
enterprise_col_29,N/A-4674,ENTERPRISE_NAME
enterprise_col_29,天津市瑞达科技有限公司,ENTERPRISE_NAME
enterprise_col_29,南京市鸿泰股份有限公司,ENTERPRISE_NAME
enterprise_col_29,西安市博瑞有限公司,ENTERPRISE_NAME
enterprise_col_29,武汉市博雅股份有限公司,ENTERPRISE_NAME
enterprise_col_29,cfg_4671,ENTERPRISE_NAME
enterprise_col_29,苏州市鸿泰有限公司,ENTERPRISE_NAME
enterprise_col_29,博瑞4974股份有限公司,ENTERPRISE_NAME
enterprise_col_29,test_4675,ENTERPRISE_NAME
enterprise_col_29,信达4975科技有限公司,ENTERPRISE_NAME
enterprise_col_29,test_4668,ENTERPRISE_NAME
enterprise_col_29,N/A-4673,ENTERPRISE_NAME
enterprise_col_29,IDX00004670,ENTERPRISE_NAME
enterprise_col_29,成都市华夏集团有限公司,ENTERPRISE_NAME
enterprise_col_30,华夏4991实业有限公司,ENTERPRISE_NAME
enterprise_col_30,重庆市英迪实业有限公司,ENTERPRISE_NAME
enterprise_col_30,北京市恒远集团有限公司,ENTERPRISE_NAME
enterprise_col_30,杭州市智汇有限公司,ENTERPRISE_NAME
enterprise_col_30,华夏4993集团有限公司,ENTERPRISE_NAME
enterprise_col_30,华夏4988集团有限公司,ENTERPRISE_NAME
enterprise_col_30,test_4679,ENTERPRISE_NAME
enterprise_col_30,恒远4990实业有限公司,ENTERPRISE_NAME
enterprise_col_30,天津市瑞达集团有限公司,ENTERPRISE_NAME
enterprise_col_30,unknown_4677,ENTERPRISE_NAME
enterprise_col_30,智汇4987有限公司,ENTERPRISE_NAME
enterprise_col_30,param.4682.value,ENTERPRISE_NAME
enterprise_col_30,厦门市云联有限公司,ENTERPRISE_NAME
enterprise_col_30,cfg_4680,ENTERPRISE_NAME
enterprise_col_30,中科4985科技有限公司,ENTERPRISE_NAME
enterprise_col_30,N/A-4681,ENTERPRISE_NAME
enterprise_col_30,腾迅4986有限公司,ENTERPRISE_NAME
enterprise_col_30,智汇4989科技有限公司,ENTERPRISE_NAME
enterprise_col_30,英迪4992股份有限公司,ENTERPRISE_NAME
enterprise_col_30,unknown_4678,ENTERPRISE_NAME
enterprise_col_31,param.4683.value,ENTERPRISE_NAME
enterprise_col_31,恒远5003科技有限公司,ENTERPRISE_NAME
enterprise_col_31,西安市博雅实业有限公司,ENTERPRISE_NAME
enterprise_col_31,上海市英迪股份有限公司,ENTERPRISE_NAME
enterprise_col_31,2021-10-18#4685,ENTERPRISE_NAME
enterprise_col_31,鸿泰5004集团有限公司,ENTERPRISE_NAME
enterprise_col_31,2023-04-15#4688,ENTERPRISE_NAME
enterprise_col_31,34968612_4686,ENTERPRISE_NAME
enterprise_col_31,智汇5001有限公司,ENTERPRISE_NAME
enterprise_col_31,腾迅5008科技有限公司,ENTERPRISE_NAME
enterprise_col_31,中科5006集团有限公司,ENTERPRISE_NAME
enterprise_col_31,cfg_4684,ENTERPRISE_NAME
enterprise_col_31,上海市信达集团有限公司,ENTERPRISE_NAME
enterprise_col_31,腾迅5005集团有限公司,ENTERPRISE_NAME
enterprise_col_31,879449_4687,ENTERPRISE_NAME
enterprise_col_31,param.4689.value,ENTERPRISE_NAME
enterprise_col_31,云联5000股份有限公司,ENTERPRISE_NAME
enterprise_col_31,深圳市鸿泰股份有限公司,ENTERPRISE_NAME
enterprise_col_31,信达5007有限公司,ENTERPRISE_NAME
enterprise_col_31,信达5002股份有限公司,ENTERPRISE_NAME
enterprise_col_32,信达5018实业有限公司,ENTERPRISE_NAME
enterprise_col_32,鸿泰5023科技有限公司,ENTERPRISE_NAME
enterprise_col_32,腾迅5021股份有限公司,ENTERPRISE_NAME
enterprise_col_32,英迪5022实业有限公司,ENTERPRISE_NAME
enterprise_col_32,IDX00004693,ENTERPRISE_NAME
enterprise_col_32,华夏5027有限公司,ENTERPRISE_NAME
enterprise_col_32,苏州市瑞达股份有限公司,ENTERPRISE_NAME
enterprise_col_32,智汇5019科技有限公司,ENTERPRISE_NAME
enterprise_col_32,华夏5025科技有限公司,ENTERPRISE_NAME
enterprise_col_32,成都市鸿泰集团有限公司,ENTERPRISE_NAME
enterprise_col_32,广州市博雅集团有限公司,ENTERPRISE_NAME
enterprise_col_32,信达5017科技有限公司,ENTERPRISE_NAME
enterprise_col_32,系统导入_4691,ENTERPRISE_NAME
enterprise_col_32,cfg_4690,ENTERPRISE_NAME
enterprise_col_32,云联5020实业有限公司,ENTERPRISE_NAME
enterprise_col_32,空值占位_4692,ENTERPRISE_NAME
enterprise_col_32,青岛市信达科技有限公司,ENTERPRISE_NAME
enterprise_col_32,信达5016股份有限公司,ENTERPRISE_NAME
enterprise_col_32,英迪5024有限公司,ENTERPRISE_NAME
enterprise_col_32,腾迅5026股份有限公司,ENTERPRISE_NAME
enterprise_col_33,重庆市鸿泰实业有限公司,ENTERPRISE_NAME
enterprise_col_33,天津市博雅实业有限公司,ENTERPRISE_NAME
enterprise_col_33,英迪5035有限公司,ENTERPRISE_NAME
enterprise_col_33,19803448004,ENTERPRISE_NAME
enterprise_col_33,瑞达5039集团有限公司,ENTERPRISE_NAME
enterprise_col_33,杭州市恒远科技有限公司,ENTERPRISE_NAME
enterprise_col_33,英迪5037科技有限公司,ENTERPRISE_NAME
enterprise_col_33,云联5038股份有限公司,ENTERPRISE_NAME
enterprise_col_33,博瑞5034有限公司,ENTERPRISE_NAME
enterprise_col_33,华夏5036实业有限公司,ENTERPRISE_NAME
enterprise_col_33,cfg_4695,ENTERPRISE_NAME
enterprise_col_33,N/A-4696,ENTERPRISE_NAME
enterprise_col_33,云联5042科技有限公司,ENTERPRISE_NAME
enterprise_col_33,智汇5032集团有限公司,ENTERPRISE_NAME
enterprise_col_33,cfg_4694,ENTERPRISE_NAME
enterprise_col_33,智汇5033实业有限公司,ENTERPRISE_NAME
enterprise_col_33,param.4698.value,ENTERPRISE_NAME
enterprise_col_33,腾迅5040股份有限公司,ENTERPRISE_NAME
enterprise_col_33,南京市信达有限公司,ENTERPRISE_NAME
enterprise_col_33,博瑞5041有限公司,ENTERPRISE_NAME
enterprise_col_34,厦门市英迪实业有限公司,ENTERPRISE_NAME
enterprise_col_34,腾迅5052实业有限公司,ENTERPRISE_NAME
enterprise_col_34,南京市信达科技有限公司,ENTERPRISE_NAME
enterprise_col_34,博雅5048集团有限公司,ENTERPRISE_NAME
enterprise_col_34,英迪5053科技有限公司,ENTERPRISE_NAME
enterprise_col_34,param.4706.value,ENTERPRISE_NAME
enterprise_col_34,19715239254,ENTERPRISE_NAME
enterprise_col_34,上海市恒远股份有限公司,ENTERPRISE_NAME
enterprise_col_34,中科5050科技有限公司,ENTERPRISE_NAME
enterprise_col_34,2023-02-25#4699,ENTERPRISE_NAME
enterprise_col_34,2024-05-10#4703,ENTERPRISE_NAME
enterprise_col_34,重庆市瑞达实业有限公司,ENTERPRISE_NAME
enterprise_col_34,param.4702.value,ENTERPRISE_NAME
enterprise_col_34,腾迅5051科技有限公司,ENTERPRISE_NAME
enterprise_col_34,成都市博瑞实业有限公司,ENTERPRISE_NAME
enterprise_col_34,英迪5049科技有限公司,ENTERPRISE_NAME
enterprise_col_34,瑞达5054科技有限公司,ENTERPRISE_NAME
enterprise_col_34,10008222_4705,ENTERPRISE_NAME
enterprise_col_34,32516850_4701,ENTERPRISE_NAME
enterprise_col_34,unknown_4704,ENTERPRISE_NAME
enterprise_col_35,杭州市鸿泰有限公司,ENTERPRISE_NAME
enterprise_col_35,云联5071有限公司,ENTERPRISE_NAME
enterprise_col_35,历史数据_4711,ENTERPRISE_NAME
enterprise_col_35,cfg_4709,ENTERPRISE_NAME
enterprise_col_35,unknown_4707,ENTERPRISE_NAME
enterprise_col_35,西安市博雅集团有限公司,ENTERPRISE_NAME
enterprise_col_35,鸿泰5070实业有限公司,ENTERPRISE_NAME
enterprise_col_35,腾迅5068实业有限公司,ENTERPRISE_NAME
enterprise_col_35,华夏5065科技有限公司,ENTERPRISE_NAME
enterprise_col_35,华夏5073股份有限公司,ENTERPRISE_NAME
enterprise_col_35,中科5069科技有限公司,ENTERPRISE_NAME
enterprise_col_35,7980385_4710,ENTERPRISE_NAME
enterprise_col_35,恒远5074集团有限公司,ENTERPRISE_NAME
enterprise_col_35,鸿泰5072股份有限公司,ENTERPRISE_NAME
enterprise_col_35,智汇5067有限公司,ENTERPRISE_NAME
enterprise_col_35,博雅5066股份有限公司,ENTERPRISE_NAME
enterprise_col_35,test_4708,ENTERPRISE_NAME
enterprise_col_35,智汇5063有限公司,ENTERPRISE_NAME
enterprise_col_35,厦门市瑞达实业有限公司,ENTERPRISE_NAME
enterprise_col_35,博雅5064科技有限公司,ENTERPRISE_NAME
enterprise_col_36,华夏5089集团有限公司,ENTERPRISE_NAME
enterprise_col_36,苏州市博瑞股份有限公司,ENTERPRISE_NAME
enterprise_col_36,武汉市智汇科技有限公司,ENTERPRISE_NAME
enterprise_col_36,华夏5082集团有限公司,ENTERPRISE_NAME
enterprise_col_36,恒远5086实业有限公司,ENTERPRISE_NAME
enterprise_col_36,恒远5081科技有限公司,ENTERPRISE_NAME
enterprise_col_36,智汇5085集团有限公司,ENTERPRISE_NAME
enterprise_col_36,中科5088科技有限公司,ENTERPRISE_NAME
enterprise_col_36,param.4713.value,ENTERPRISE_NAME
enterprise_col_36,腾迅5084有限公司,ENTERPRISE_NAME
enterprise_col_36,武汉市瑞达科技有限公司,ENTERPRISE_NAME
enterprise_col_36,西安市智汇股份有限公司,ENTERPRISE_NAME
enterprise_col_36,18957181881,ENTERPRISE_NAME
enterprise_col_36,华夏5083集团有限公司,ENTERPRISE_NAME
enterprise_col_36,上海市华夏集团有限公司,ENTERPRISE_NAME
enterprise_col_36,智汇5087实业有限公司,ENTERPRISE_NAME
enterprise_col_36,瑞达5080科技有限公司,ENTERPRISE_NAME
enterprise_col_36,上海市瑞达有限公司,ENTERPRISE_NAME
enterprise_col_36,腾迅5090有限公司,ENTERPRISE_NAME
enterprise_col_36,重庆市博瑞集团有限公司,ENTERPRISE_NAME
enterprise_col_37,腾迅5097有限公司,ENTERPRISE_NAME
enterprise_col_37,unknown_4714,ENTERPRISE_NAME
enterprise_col_37,cfg_4721,ENTERPRISE_NAME
enterprise_col_37,unknown_4720,ENTERPRISE_NAME
enterprise_col_37,test_4723,ENTERPRISE_NAME
enterprise_col_37,unknown_4718,ENTERPRISE_NAME
enterprise_col_37,华夏5098科技有限公司,ENTERPRISE_NAME
enterprise_col_37,英迪5093股份有限公司,ENTERPRISE_NAME
enterprise_col_37,unknown_4717,ENTERPRISE_NAME
enterprise_col_37,鸿泰5100集团有限公司,ENTERPRISE_NAME
enterprise_col_37,IDX00004722,ENTERPRISE_NAME
enterprise_col_37,博瑞5094股份有限公司,ENTERPRISE_NAME
enterprise_col_37,重庆市信达实业有限公司,ENTERPRISE_NAME
enterprise_col_37,英迪5095股份有限公司,ENTERPRISE_NAME
enterprise_col_37,N/A-4716,ENTERPRISE_NAME
enterprise_col_37,博瑞5096实业有限公司,ENTERPRISE_NAME
enterprise_col_37,信达5099集团有限公司,ENTERPRISE_NAME
enterprise_col_37,param.4719.value,ENTERPRISE_NAME
enterprise_col_37,苏州市博瑞集团有限公司,ENTERPRISE_NAME
enterprise_col_37,IDX00004715,ENTERPRISE_NAME
enterprise_col_38,重庆市英迪科技有限公司,ENTERPRISE_NAME
enterprise_col_38,华夏5114集团有限公司,ENTERPRISE_NAME
enterprise_col_38,鸿泰5111科技有限公司,ENTERPRISE_NAME
enterprise_col_38,博瑞5118集团有限公司,ENTERPRISE_NAME
enterprise_col_38,腾迅5120集团有限公司,ENTERPRISE_NAME
enterprise_col_38,武汉市鸿泰科技有限公司,ENTERPRISE_NAME
enterprise_col_38,云联5117集团有限公司,ENTERPRISE_NAME
enterprise_col_38,IDX00004725,ENTERPRISE_NAME
enterprise_col_38,大连市博瑞实业有限公司,ENTERPRISE_NAME
enterprise_col_38,智汇5122股份有限公司,ENTERPRISE_NAME
enterprise_col_38,瑞达5116集团有限公司,ENTERPRISE_NAME
enterprise_col_38,智汇5112股份有限公司,ENTERPRISE_NAME
enterprise_col_38,云联5121有限公司,ENTERPRISE_NAME
enterprise_col_38,武汉市博瑞股份有限公司,ENTERPRISE_NAME
enterprise_col_38,鸿泰5113科技有限公司,ENTERPRISE_NAME
enterprise_col_38,瑞达5119有限公司,ENTERPRISE_NAME
enterprise_col_38,2026-03-10#4724,ENTERPRISE_NAME
enterprise_col_38,重庆市鸿泰科技有限公司,ENTERPRISE_NAME
enterprise_col_38,天津市鸿泰科技有限公司,ENTERPRISE_NAME
enterprise_col_38,智汇5115实业有限公司,ENTERPRISE_NAME
enterprise_col_39,信达5127股份有限公司,ENTERPRISE_NAME
enterprise_col_39,param.4729.value,ENTERPRISE_NAME
enterprise_col_39,13343241725,ENTERPRISE_NAME
enterprise_col_39,系统导入_4726,ENTERPRISE_NAME
enterprise_col_39,英迪5132有限公司,ENTERPRISE_NAME
enterprise_col_39,param.4727.value,ENTERPRISE_NAME
enterprise_col_39,中科5129集团有限公司,ENTERPRISE_NAME
enterprise_col_39,广州市云联有限公司,ENTERPRISE_NAME
enterprise_col_39,青岛市信达实业有限公司,ENTERPRISE_NAME
enterprise_col_39,IDX00004728,ENTERPRISE_NAME
enterprise_col_39,瑞达5128集团有限公司,ENTERPRISE_NAME
enterprise_col_39,瑞达5131股份有限公司,ENTERPRISE_NAME
enterprise_col_39,智汇5125集团有限公司,ENTERPRISE_NAME
enterprise_col_39,北京市博雅实业有限公司,ENTERPRISE_NAME
enterprise_col_39,天津市恒远集团有限公司,ENTERPRISE_NAME
enterprise_col_39,unknown_4730,ENTERPRISE_NAME
enterprise_col_39,中科5133集团有限公司,ENTERPRISE_NAME
enterprise_col_39,腾迅5130集团有限公司,ENTERPRISE_NAME
enterprise_col_39,unknown_4731,ENTERPRISE_NAME
enterprise_col_39,博雅5126实业有限公司,ENTERPRISE_NAME
enterprise_col_40,18313223567,ENTERPRISE_NAME
enterprise_col_40,成都市云联集团有限公司,ENTERPRISE_NAME
enterprise_col_40,成都市恒远科技有限公司,ENTERPRISE_NAME
enterprise_col_40,恒远5145股份有限公司,ENTERPRISE_NAME
enterprise_col_40,天津市信达实业有限公司,ENTERPRISE_NAME
enterprise_col_40,云联5144科技有限公司,ENTERPRISE_NAME
enterprise_col_40,14596179110,ENTERPRISE_NAME
enterprise_col_40,上海市智汇股份有限公司,ENTERPRISE_NAME
enterprise_col_40,IDX00004736,ENTERPRISE_NAME
enterprise_col_40,鸿泰5141集团有限公司,ENTERPRISE_NAME
enterprise_col_40,英迪5146有限公司,ENTERPRISE_NAME
enterprise_col_40,青岛市英迪有限公司,ENTERPRISE_NAME
enterprise_col_40,深圳市瑞达股份有限公司,ENTERPRISE_NAME
enterprise_col_40,信达5147集团有限公司,ENTERPRISE_NAME
enterprise_col_40,重庆市云联实业有限公司,ENTERPRISE_NAME
enterprise_col_40,智汇5143集团有限公司,ENTERPRISE_NAME
enterprise_col_40,14436563390,ENTERPRISE_NAME
enterprise_col_40,18376134434,ENTERPRISE_NAME
enterprise_col_40,param.4737.value,ENTERPRISE_NAME
enterprise_col_40,博瑞5142有限公司,ENTERPRISE_NAME
enterprise_col_41,厦门市鸿泰科技有限公司,ENTERPRISE_NAME
enterprise_col_41,39984_4743,ENTERPRISE_NAME
enterprise_col_41,华夏5154有限公司,ENTERPRISE_NAME
enterprise_col_41,华夏5155有限公司,ENTERPRISE_NAME
enterprise_col_41,大连市华夏集团有限公司,ENTERPRISE_NAME
enterprise_col_41,鸿泰5159集团有限公司,ENTERPRISE_NAME
enterprise_col_41,云联5161实业有限公司,ENTERPRISE_NAME
enterprise_col_41,上海市恒远科技有限公司,ENTERPRISE_NAME
enterprise_col_41,cfg_4741,ENTERPRISE_NAME
enterprise_col_41,云联5156集团有限公司,ENTERPRISE_NAME
enterprise_col_41,英迪5158股份有限公司,ENTERPRISE_NAME
enterprise_col_41,cfg_4739,ENTERPRISE_NAME
enterprise_col_41,博瑞5162科技有限公司,ENTERPRISE_NAME
enterprise_col_41,test_4742,ENTERPRISE_NAME
enterprise_col_41,智汇5160科技有限公司,ENTERPRISE_NAME
enterprise_col_41,深圳市博瑞股份有限公司,ENTERPRISE_NAME
enterprise_col_41,青岛市恒远科技有限公司,ENTERPRISE_NAME
enterprise_col_41,N/A-4740,ENTERPRISE_NAME
enterprise_col_41,杭州市信达科技有限公司,ENTERPRISE_NAME
enterprise_col_41,云联5157科技有限公司,ENTERPRISE_NAME
enterprise_col_42,英迪5169科技有限公司,ENTERPRISE_NAME
enterprise_col_42,智汇5170集团有限公司,ENTERPRISE_NAME
enterprise_col_42,博瑞5172集团有限公司,ENTERPRISE_NAME
enterprise_col_42,武汉市云联集团有限公司,ENTERPRISE_NAME
enterprise_col_42,cfg_4745,ENTERPRISE_NAME
enterprise_col_42,瑞达5171有限公司,ENTERPRISE_NAME
enterprise_col_42,北京市鸿泰股份有限公司,ENTERPRISE_NAME
enterprise_col_42,IDX00004748,ENTERPRISE_NAME
enterprise_col_42,大连市华夏有限公司,ENTERPRISE_NAME
enterprise_col_42,18429031189,ENTERPRISE_NAME
enterprise_col_42,成都市英迪实业有限公司,ENTERPRISE_NAME
enterprise_col_42,unknown_4751,ENTERPRISE_NAME
enterprise_col_42,北京市恒远股份有限公司,ENTERPRISE_NAME
enterprise_col_42,大连市博瑞集团有限公司,ENTERPRISE_NAME
enterprise_col_42,南京市智汇科技有限公司,ENTERPRISE_NAME
enterprise_col_42,cfg_4747,ENTERPRISE_NAME
enterprise_col_42,瑞达5168有限公司,ENTERPRISE_NAME
enterprise_col_42,IDX00004746,ENTERPRISE_NAME
enterprise_col_42,cfg_4744,ENTERPRISE_NAME
enterprise_col_42,param.4750.value,ENTERPRISE_NAME
enterprise_col_43,恒远5182集团有限公司,ENTERPRISE_NAME
enterprise_col_43,瑞达5186有限公司,ENTERPRISE_NAME
enterprise_col_43,恒远5183科技有限公司,ENTERPRISE_NAME
enterprise_col_43,博瑞5189集团有限公司,ENTERPRISE_NAME
enterprise_col_43,param.4758.value,ENTERPRISE_NAME
enterprise_col_43,瑞达5181股份有限公司,ENTERPRISE_NAME
enterprise_col_43,2021-08-19#4759,ENTERPRISE_NAME
enterprise_col_43,恒远5184有限公司,ENTERPRISE_NAME
enterprise_col_43,苏州市博瑞有限公司,ENTERPRISE_NAME
enterprise_col_43,英迪5190有限公司,ENTERPRISE_NAME
enterprise_col_43,信达5187集团有限公司,ENTERPRISE_NAME
enterprise_col_43,15461709798,ENTERPRISE_NAME
enterprise_col_43,N/A-4753,ENTERPRISE_NAME
enterprise_col_43,华夏5188股份有限公司,ENTERPRISE_NAME
enterprise_col_43,56516929_4756,ENTERPRISE_NAME
enterprise_col_43,17737377232,ENTERPRISE_NAME
enterprise_col_43,系统导入_4755,ENTERPRISE_NAME
enterprise_col_43,中科5185有限公司,ENTERPRISE_NAME
enterprise_col_43,N/A-4752,ENTERPRISE_NAME
enterprise_col_43,杭州市智汇科技有限公司,ENTERPRISE_NAME
enterprise_col_44,15837973712,ENTERPRISE_NAME
enterprise_col_44,华夏5207有限公司,ENTERPRISE_NAME
enterprise_col_44,智汇5205实业有限公司,ENTERPRISE_NAME
enterprise_col_44,test_4767,ENTERPRISE_NAME
enterprise_col_44,瑞达5204集团有限公司,ENTERPRISE_NAME
enterprise_col_44,鸿泰5199实业有限公司,ENTERPRISE_NAME
enterprise_col_44,武汉市智汇有限公司,ENTERPRISE_NAME
enterprise_col_44,博雅5201有限公司,ENTERPRISE_NAME
enterprise_col_44,19327254612,ENTERPRISE_NAME
enterprise_col_44,智汇5203集团有限公司,ENTERPRISE_NAME
enterprise_col_44,苏州市博瑞科技有限公司,ENTERPRISE_NAME
enterprise_col_44,智汇5200实业有限公司,ENTERPRISE_NAME
enterprise_col_44,IDX00004765,ENTERPRISE_NAME
enterprise_col_44,param.4760.value,ENTERPRISE_NAME
enterprise_col_44,2024-11-20#4766,ENTERPRISE_NAME
enterprise_col_44,华夏5202科技有限公司,ENTERPRISE_NAME
enterprise_col_44,青岛市博瑞股份有限公司,ENTERPRISE_NAME
enterprise_col_44,腾迅5206有限公司,ENTERPRISE_NAME
enterprise_col_44,13571621407,ENTERPRISE_NAME
enterprise_col_44,N/A-4762,ENTERPRISE_NAME
enterprise_col_45,瑞达5216科技有限公司,ENTERPRISE_NAME
enterprise_col_45,44702821_4769,ENTERPRISE_NAME
enterprise_col_45,鸿泰5223有限公司,ENTERPRISE_NAME
enterprise_col_45,2024-02-19#4770,ENTERPRISE_NAME
enterprise_col_45,天津市云联有限公司,ENTERPRISE_NAME
enterprise_col_45,腾迅5224实业有限公司,ENTERPRISE_NAME
enterprise_col_45,param.4771.value,ENTERPRISE_NAME
enterprise_col_45,博雅5220股份有限公司,ENTERPRISE_NAME
enterprise_col_45,广州市博雅实业有限公司,ENTERPRISE_NAME
enterprise_col_45,云联5225有限公司,ENTERPRISE_NAME
enterprise_col_45,云联5221有限公司,ENTERPRISE_NAME
enterprise_col_45,腾迅5222股份有限公司,ENTERPRISE_NAME
enterprise_col_45,鸿泰5226有限公司,ENTERPRISE_NAME
enterprise_col_45,厦门市智汇科技有限公司,ENTERPRISE_NAME
enterprise_col_45,华夏5218科技有限公司,ENTERPRISE_NAME
enterprise_col_45,待核实_4768,ENTERPRISE_NAME
enterprise_col_45,param.4772.value,ENTERPRISE_NAME
enterprise_col_45,鸿泰5219集团有限公司,ENTERPRISE_NAME
enterprise_col_45,恒远5217有限公司,ENTERPRISE_NAME
enterprise_col_45,param.4773.value,ENTERPRISE_NAME
enterprise_col_46,博雅5237股份有限公司,ENTERPRISE_NAME
enterprise_col_46,智汇5235股份有限公司,ENTERPRISE_NAME
enterprise_col_46,param.4774.value,ENTERPRISE_NAME
enterprise_col_46,青岛市瑞达科技有限公司,ENTERPRISE_NAME
enterprise_col_46,N/A-4775,ENTERPRISE_NAME
enterprise_col_46,南京市英迪集团有限公司,ENTERPRISE_NAME
enterprise_col_46,鸿泰5238有限公司,ENTERPRISE_NAME
enterprise_col_46,厦门市恒远有限公司,ENTERPRISE_NAME
enterprise_col_46,大连市信达股份有限公司,ENTERPRISE_NAME
enterprise_col_46,北京市云联股份有限公司,ENTERPRISE_NAME
enterprise_col_46,上海市英迪实业有限公司,ENTERPRISE_NAME
enterprise_col_46,云联5233科技有限公司,ENTERPRISE_NAME
enterprise_col_46,英迪5240集团有限公司,ENTERPRISE_NAME
enterprise_col_46,N/A-4776,ENTERPRISE_NAME
enterprise_col_46,param.4778.value,ENTERPRISE_NAME
enterprise_col_46,华夏5236科技有限公司,ENTERPRISE_NAME
enterprise_col_46,信达5239科技有限公司,ENTERPRISE_NAME
enterprise_col_46,信达5234有限公司,ENTERPRISE_NAME
enterprise_col_46,2022-07-24#4777,ENTERPRISE_NAME
enterprise_col_46,瑞达5241股份有限公司,ENTERPRISE_NAME
enterprise_col_47,腾迅5250股份有限公司,ENTERPRISE_NAME
enterprise_col_47,智汇5248集团有限公司,ENTERPRISE_NAME
enterprise_col_47,恒远5252实业有限公司,ENTERPRISE_NAME
enterprise_col_47,IDX00004782,ENTERPRISE_NAME
enterprise_col_47,IDX00004785,ENTERPRISE_NAME
enterprise_col_47,待核实_4786,ENTERPRISE_NAME
enterprise_col_47,IDX00004784,ENTERPRISE_NAME
enterprise_col_47,英迪5249科技有限公司,ENTERPRISE_NAME
enterprise_col_47,深圳市博雅集团有限公司,ENTERPRISE_NAME
enterprise_col_47,深圳市英迪集团有限公司,ENTERPRISE_NAME
enterprise_col_47,11674744_4783,ENTERPRISE_NAME
enterprise_col_47,空值占位_4787,ENTERPRISE_NAME
enterprise_col_47,苏州市恒远集团有限公司,ENTERPRISE_NAME
enterprise_col_47,杭州市博瑞有限公司,ENTERPRISE_NAME
enterprise_col_47,cfg_4781,ENTERPRISE_NAME
enterprise_col_47,杭州市恒远集团有限公司,ENTERPRISE_NAME
enterprise_col_47,英迪5247实业有限公司,ENTERPRISE_NAME
enterprise_col_47,param.4779.value,ENTERPRISE_NAME
enterprise_col_47,腾迅5251有限公司,ENTERPRISE_NAME
enterprise_col_47,54843297_4780,ENTERPRISE_NAME
enterprise_col_48,N/A-4795,ENTERPRISE_NAME
enterprise_col_48,博瑞5265实业有限公司,ENTERPRISE_NAME
enterprise_col_48,西安市云联有限公司,ENTERPRISE_NAME
enterprise_col_48,云联5266科技有限公司,ENTERPRISE_NAME
enterprise_col_48,param.4793.value,ENTERPRISE_NAME
enterprise_col_48,厦门市云联股份有限公司,ENTERPRISE_NAME
enterprise_col_48,智汇5263有限公司,ENTERPRISE_NAME
enterprise_col_48,IDX00004790,ENTERPRISE_NAME
enterprise_col_48,杭州市恒远实业有限公司,ENTERPRISE_NAME
enterprise_col_48,unknown_4789,ENTERPRISE_NAME
enterprise_col_48,30104191_4794,ENTERPRISE_NAME
enterprise_col_48,武汉市瑞达股份有限公司,ENTERPRISE_NAME
enterprise_col_48,智汇5262有限公司,ENTERPRISE_NAME
enterprise_col_48,17322833765,ENTERPRISE_NAME
enterprise_col_48,82298112_4788,ENTERPRISE_NAME
enterprise_col_48,武汉市博雅实业有限公司,ENTERPRISE_NAME
enterprise_col_48,智汇5264集团有限公司,ENTERPRISE_NAME
enterprise_col_48,上海市智汇实业有限公司,ENTERPRISE_NAME
enterprise_col_48,test_4792,ENTERPRISE_NAME
enterprise_col_48,博瑞5267股份有限公司,ENTERPRISE_NAME
enterprise_col_49,上海市英迪有限公司,ENTERPRISE_NAME
enterprise_col_49,博雅5281科技有限公司,ENTERPRISE_NAME
enterprise_col_49,19864170_4797,ENTERPRISE_NAME
enterprise_col_49,成都市云联有限公司,ENTERPRISE_NAME
enterprise_col_49,智汇5279集团有限公司,ENTERPRISE_NAME
enterprise_col_49,腾迅5276有限公司,ENTERPRISE_NAME
enterprise_col_49,北京市鸿泰有限公司,ENTERPRISE_NAME
enterprise_col_49,param.4796.value,ENTERPRISE_NAME
enterprise_col_49,西安市鸿泰股份有限公司,ENTERPRISE_NAME
enterprise_col_49,智汇5277股份有限公司,ENTERPRISE_NAME
enterprise_col_49,N/A-4798,ENTERPRISE_NAME
enterprise_col_49,博瑞5280有限公司,ENTERPRISE_NAME
enterprise_col_49,大连市博瑞股份有限公司,ENTERPRISE_NAME
enterprise_col_49,青岛市云联集团有限公司,ENTERPRISE_NAME
enterprise_col_49,param.4799.value,ENTERPRISE_NAME
enterprise_col_49,青岛市华夏实业有限公司,ENTERPRISE_NAME
enterprise_col_49,param.4801.value,ENTERPRISE_NAME
enterprise_col_49,unknown_4802,ENTERPRISE_NAME
enterprise_col_49,unknown_4800,ENTERPRISE_NAME
enterprise_col_49,博雅5278科技有限公司,ENTERPRISE_NAME
enterprise_col_50,cfg_4803,ENTERPRISE_NAME
enterprise_col_50,博瑞5289有限公司,ENTERPRISE_NAME
enterprise_col_50,天津市博雅股份有限公司,ENTERPRISE_NAME
enterprise_col_50,4546157_4807,ENTERPRISE_NAME
enterprise_col_50,N/A-4809,ENTERPRISE_NAME
enterprise_col_50,瑞达5292实业有限公司,ENTERPRISE_NAME
enterprise_col_50,信达5290实业有限公司,ENTERPRISE_NAME
enterprise_col_50,中科5291科技有限公司,ENTERPRISE_NAME
enterprise_col_50,cfg_4804,ENTERPRISE_NAME
enterprise_col_50,unknown_4808,ENTERPRISE_NAME
enterprise_col_50,param.4806.value,ENTERPRISE_NAME
enterprise_col_50,信达5295集团有限公司,ENTERPRISE_NAME
enterprise_col_50,云联5294集团有限公司,ENTERPRISE_NAME
enterprise_col_50,19680663429,ENTERPRISE_NAME
enterprise_col_50,南京市云联有限公司,ENTERPRISE_NAME
enterprise_col_50,2022-08-14#4805,ENTERPRISE_NAME
enterprise_col_50,北京市信达有限公司,ENTERPRISE_NAME
enterprise_col_50,杭州市瑞达股份有限公司,ENTERPRISE_NAME
enterprise_col_50,腾迅5293实业有限公司,ENTERPRISE_NAME
enterprise_col_50,test_4810,ENTERPRISE_NAME
enterprise_col_51,重庆市鸿泰集团有限公司,ENTERPRISE_NAME
enterprise_col_51,50232004_4816,ENTERPRISE_NAME
enterprise_col_51,英迪5305有限公司,ENTERPRISE_NAME
enterprise_col_51,cfg_4814,ENTERPRISE_NAME
enterprise_col_51,博雅5309科技有限公司,ENTERPRISE_NAME
enterprise_col_51,腾迅5310实业有限公司,ENTERPRISE_NAME
enterprise_col_51,恒远5315股份有限公司,ENTERPRISE_NAME
enterprise_col_51,南京市信达集团有限公司,ENTERPRISE_NAME
enterprise_col_51,IDX00004813,ENTERPRISE_NAME
enterprise_col_51,鸿泰5313有限公司,ENTERPRISE_NAME
enterprise_col_51,英迪5312科技有限公司,ENTERPRISE_NAME
enterprise_col_51,unknown_4812,ENTERPRISE_NAME
enterprise_col_51,信达5314实业有限公司,ENTERPRISE_NAME
enterprise_col_51,博雅5311实业有限公司,ENTERPRISE_NAME
enterprise_col_51,信达5307科技有限公司,ENTERPRISE_NAME
enterprise_col_51,西安市恒远实业有限公司,ENTERPRISE_NAME
enterprise_col_51,信达5306实业有限公司,ENTERPRISE_NAME
enterprise_col_51,已删除_4815,ENTERPRISE_NAME
enterprise_col_51,博瑞5308科技有限公司,ENTERPRISE_NAME
enterprise_col_51,南京市恒远实业有限公司,ENTERPRISE_NAME
enterprise_col_52,英迪5322集团有限公司,ENTERPRISE_NAME
enterprise_col_52,unknown_4823,ENTERPRISE_NAME
enterprise_col_52,恒远5325有限公司,ENTERPRISE_NAME
enterprise_col_52,2025-05-24#4825,ENTERPRISE_NAME
enterprise_col_52,瑞达5326实业有限公司,ENTERPRISE_NAME
enterprise_col_52,智汇5321集团有限公司,ENTERPRISE_NAME
enterprise_col_52,18324680786,ENTERPRISE_NAME
enterprise_col_52,中科5323实业有限公司,ENTERPRISE_NAME
enterprise_col_52,成都市鸿泰有限公司,ENTERPRISE_NAME
enterprise_col_52,15597606800,ENTERPRISE_NAME
enterprise_col_52,上海市博瑞集团有限公司,ENTERPRISE_NAME
enterprise_col_52,19955349550,ENTERPRISE_NAME
enterprise_col_52,2024-11-02#4819,ENTERPRISE_NAME
enterprise_col_52,西安市瑞达有限公司,ENTERPRISE_NAME
enterprise_col_52,深圳市恒远股份有限公司,ENTERPRISE_NAME
enterprise_col_52,智汇5324股份有限公司,ENTERPRISE_NAME
enterprise_col_52,9143816_4817,ENTERPRISE_NAME
enterprise_col_52,15839535272,ENTERPRISE_NAME
enterprise_col_52,广州市恒远股份有限公司,ENTERPRISE_NAME
enterprise_col_52,16226732957,ENTERPRISE_NAME
enterprise_col_53,恒远5337集团有限公司,ENTERPRISE_NAME
enterprise_col_53,深圳市恒远有限公司,ENTERPRISE_NAME
enterprise_col_53,苏州市恒远实业有限公司,ENTERPRISE_NAME
enterprise_col_53,腾迅5341实业有限公司,ENTERPRISE_NAME
enterprise_col_53,大连市恒远有限公司,ENTERPRISE_NAME
enterprise_col_53,北京市云联集团有限公司,ENTERPRISE_NAME
enterprise_col_53,英迪5336集团有限公司,ENTERPRISE_NAME
enterprise_col_53,深圳市智汇科技有限公司,ENTERPRISE_NAME
enterprise_col_53,18450468747,ENTERPRISE_NAME
enterprise_col_53,历史数据_4831,ENTERPRISE_NAME
enterprise_col_53,瑞达5339科技有限公司,ENTERPRISE_NAME
enterprise_col_53,信达5338有限公司,ENTERPRISE_NAME
enterprise_col_53,深圳市华夏科技有限公司,ENTERPRISE_NAME
enterprise_col_53,unknown_4829,ENTERPRISE_NAME
enterprise_col_53,N/A-4826,ENTERPRISE_NAME
enterprise_col_53,unknown_4830,ENTERPRISE_NAME
enterprise_col_53,信达5340科技有限公司,ENTERPRISE_NAME
enterprise_col_53,N/A-4832,ENTERPRISE_NAME
enterprise_col_53,IDX00004827,ENTERPRISE_NAME
enterprise_col_53,重庆市英迪股份有限公司,ENTERPRISE_NAME
enterprise_col_54,鸿泰5354实业有限公司,ENTERPRISE_NAME
enterprise_col_54,N/A-4836,ENTERPRISE_NAME
enterprise_col_54,智汇5352科技有限公司,ENTERPRISE_NAME
enterprise_col_54,瑞达5355股份有限公司,ENTERPRISE_NAME
enterprise_col_54,信达5357实业有限公司,ENTERPRISE_NAME
enterprise_col_54,IDX00004833,ENTERPRISE_NAME
enterprise_col_54,瑞达5359股份有限公司,ENTERPRISE_NAME
enterprise_col_54,苏州市云联科技有限公司,ENTERPRISE_NAME
enterprise_col_54,博瑞5358有限公司,ENTERPRISE_NAME
enterprise_col_54,华夏5356有限公司,ENTERPRISE_NAME
enterprise_col_54,15881195794,ENTERPRISE_NAME
enterprise_col_54,信达5350集团有限公司,ENTERPRISE_NAME
enterprise_col_54,上海市华夏科技有限公司,ENTERPRISE_NAME
enterprise_col_54,信达5349股份有限公司,ENTERPRISE_NAME
enterprise_col_54,西安市鸿泰科技有限公司,ENTERPRISE_NAME
enterprise_col_54,广州市博雅股份有限公司,ENTERPRISE_NAME
enterprise_col_54,成都市智汇股份有限公司,ENTERPRISE_NAME
enterprise_col_54,14197034073,ENTERPRISE_NAME
enterprise_col_54,华夏5353股份有限公司,ENTERPRISE_NAME
enterprise_col_54,英迪5351有限公司,ENTERPRISE_NAME
enterprise_col_55,武汉市英迪842集团有限公司,ENTERPRISE_NAME
enterprise_col_55,天津市云联848有限公司,ENTERPRISE_NAME
enterprise_col_55,武汉市博瑞846实业有限公司,ENTERPRISE_NAME
enterprise_col_55,南京市博雅847科技有限公司,ENTERPRISE_NAME
enterprise_col_55,大连市腾迅843实业有限公司,ENTERPRISE_NAME
enterprise_col_55,北京市博瑞845股份有限公司,ENTERPRISE_NAME
enterprise_col_55,鸿泰5364实业有限公司,ENTERPRISE_NAME
enterprise_col_55,已删除_4839,ENTERPRISE_NAME
enterprise_col_55,IDX00004844,ENTERPRISE_NAME
enterprise_col_55,长沙市信达849集团有限公司,ENTERPRISE_NAME
enterprise_col_55,42328639_4843,ENTERPRISE_NAME
enterprise_col_55,IDX00004841,ENTERPRISE_NAME
enterprise_col_55,腾迅5365集团有限公司,ENTERPRISE_NAME
enterprise_col_55,IDX00004842,ENTERPRISE_NAME
enterprise_col_55,广州市鸿泰844股份有限公司,ENTERPRISE_NAME
enterprise_col_55,厦门市博雅841股份有限公司,ENTERPRISE_NAME
enterprise_col_55,上海市恒远840集团有限公司,ENTERPRISE_NAME
enterprise_col_55,unknown_4840,ENTERPRISE_NAME
enterprise_col_55,test_4838,ENTERPRISE_NAME
enterprise_col_55,unknown_4837,ENTERPRISE_NAME
enterprise_col_56,已删除_4850,ENTERPRISE_NAME
enterprise_col_56,重庆市华夏858股份有限公司,ENTERPRISE_NAME
enterprise_col_56,厦门市华夏854实业有限公司,ENTERPRISE_NAME
enterprise_col_56,西安市英迪859实业有限公司,ENTERPRISE_NAME
enterprise_col_56,英迪5375科技有限公司,ENTERPRISE_NAME
enterprise_col_56,大连市恒远853实业有限公司,ENTERPRISE_NAME
enterprise_col_56,杭州市博雅857科技有限公司,ENTERPRISE_NAME
enterprise_col_56,IDX00004846,ENTERPRISE_NAME
enterprise_col_56,系统导入_4849,ENTERPRISE_NAME
enterprise_col_56,大连市鸿泰851科技有限公司,ENTERPRISE_NAME
enterprise_col_56,73283882_4852,ENTERPRISE_NAME
enterprise_col_56,厦门市鸿泰850有限公司,ENTERPRISE_NAME
enterprise_col_56,天津市华夏855实业有限公司,ENTERPRISE_NAME
enterprise_col_56,大连市华夏856集团有限公司,ENTERPRISE_NAME
enterprise_col_56,param.4851.value,ENTERPRISE_NAME
enterprise_col_56,杭州市华夏852集团有限公司,ENTERPRISE_NAME
enterprise_col_56,87572808_4845,ENTERPRISE_NAME
enterprise_col_56,2022-04-20#4848,ENTERPRISE_NAME
enterprise_col_56,恒远5374有限公司,ENTERPRISE_NAME
enterprise_col_56,N/A-4847,ENTERPRISE_NAME
enterprise_col_57,cfg_4853,ENTERPRISE_NAME
enterprise_col_57,恒远5384有限公司,ENTERPRISE_NAME
enterprise_col_57,南京市信达860实业有限公司,ENTERPRISE_NAME
enterprise_col_57,19637629520,ENTERPRISE_NAME
enterprise_col_57,腾迅5389实业有限公司,ENTERPRISE_NAME
enterprise_col_57,重庆市腾迅865集团有限公司,ENTERPRISE_NAME
enterprise_col_57,中科5390集团有限公司,ENTERPRISE_NAME
enterprise_col_57,西安市腾迅863实业有限公司,ENTERPRISE_NAME
enterprise_col_57,博雅5388科技有限公司,ENTERPRISE_NAME
enterprise_col_57,重庆市博瑞869集团有限公司,ENTERPRISE_NAME
enterprise_col_57,厦门市恒远866科技有限公司,ENTERPRISE_NAME
enterprise_col_57,厦门市博雅867实业有限公司,ENTERPRISE_NAME
enterprise_col_57,14792501232,ENTERPRISE_NAME
enterprise_col_57,鸿泰5385实业有限公司,ENTERPRISE_NAME
enterprise_col_57,鸿泰5387有限公司,ENTERPRISE_NAME
enterprise_col_57,苏州市博雅864股份有限公司,ENTERPRISE_NAME
enterprise_col_57,瑞达5386实业有限公司,ENTERPRISE_NAME
enterprise_col_57,厦门市英迪861有限公司,ENTERPRISE_NAME
enterprise_col_57,成都市瑞达868实业有限公司,ENTERPRISE_NAME
enterprise_col_57,成都市腾迅862股份有限公司,ENTERPRISE_NAME
enterprise_col_58,IDX00004856,ENTERPRISE_NAME
enterprise_col_58,中科5395股份有限公司,ENTERPRISE_NAME
enterprise_col_58,武汉市恒远873有限公司,ENTERPRISE_NAME
enterprise_col_58,腾迅5394集团有限公司,ENTERPRISE_NAME
enterprise_col_58,北京市中科872股份有限公司,ENTERPRISE_NAME
enterprise_col_58,英迪5398集团有限公司,ENTERPRISE_NAME
enterprise_col_58,已删除_4858,ENTERPRISE_NAME
enterprise_col_58,重庆市恒远878有限公司,ENTERPRISE_NAME
enterprise_col_58,长沙市腾迅874科技有限公司,ENTERPRISE_NAME
enterprise_col_58,中科5397有限公司,ENTERPRISE_NAME
enterprise_col_58,test_4857,ENTERPRISE_NAME
enterprise_col_58,历史数据_4859,ENTERPRISE_NAME
enterprise_col_58,英迪5399有限公司,ENTERPRISE_NAME
enterprise_col_58,苏州市智汇875股份有限公司,ENTERPRISE_NAME
enterprise_col_58,博瑞5396集团有限公司,ENTERPRISE_NAME
enterprise_col_58,深圳市博雅879集团有限公司,ENTERPRISE_NAME
enterprise_col_58,广州市博瑞876科技有限公司,ENTERPRISE_NAME
enterprise_col_58,青岛市恒远877有限公司,ENTERPRISE_NAME
enterprise_col_58,厦门市恒远871有限公司,ENTERPRISE_NAME
enterprise_col_58,西安市瑞达870实业有限公司,ENTERPRISE_NAME
enterprise_col_59,15697910851,ENTERPRISE_NAME
enterprise_col_59,青岛市英迪886股份有限公司,ENTERPRISE_NAME
enterprise_col_59,鸿泰5404实业有限公司,ENTERPRISE_NAME
enterprise_col_59,厦门市博瑞882实业有限公司,ENTERPRISE_NAME
enterprise_col_59,param.4863.value,ENTERPRISE_NAME
enterprise_col_59,北京市博瑞880集团有限公司,ENTERPRISE_NAME
enterprise_col_59,深圳市瑞达887有限公司,ENTERPRISE_NAME
enterprise_col_59,南京市智汇883集团有限公司,ENTERPRISE_NAME
enterprise_col_59,长沙市博雅884集团有限公司,ENTERPRISE_NAME
enterprise_col_59,瑞达5406集团有限公司,ENTERPRISE_NAME
enterprise_col_59,2018-09-17#4864,ENTERPRISE_NAME
enterprise_col_59,IDX00004865,ENTERPRISE_NAME
enterprise_col_59,杭州市华夏889集团有限公司,ENTERPRISE_NAME
enterprise_col_59,unknown_4861,ENTERPRISE_NAME
enterprise_col_59,2026-07-26#4862,ENTERPRISE_NAME
enterprise_col_59,武汉市智汇885股份有限公司,ENTERPRISE_NAME
enterprise_col_59,博瑞5405集团有限公司,ENTERPRISE_NAME
enterprise_col_59,广州市智汇888有限公司,ENTERPRISE_NAME
enterprise_col_59,广州市中科881科技有限公司,ENTERPRISE_NAME
enterprise_col_59,88631866_4866,ENTERPRISE_NAME
enterprise_col_60,深圳市信达891股份有限公司,ENTERPRISE_NAME
enterprise_col_60,空值占位_4873,ENTERPRISE_NAME
enterprise_col_60,英迪5414集团有限公司,ENTERPRISE_NAME
enterprise_col_60,N/A-4867,ENTERPRISE_NAME
enterprise_col_60,广州市恒远899科技有限公司,ENTERPRISE_NAME
enterprise_col_60,杭州市英迪898集团有限公司,ENTERPRISE_NAME
enterprise_col_60,华夏5415股份有限公司,ENTERPRISE_NAME
enterprise_col_60,深圳市瑞达897有限公司,ENTERPRISE_NAME
enterprise_col_60,15246635924,ENTERPRISE_NAME
enterprise_col_60,待核实_4871,ENTERPRISE_NAME
enterprise_col_60,长沙市英迪893集团有限公司,ENTERPRISE_NAME
enterprise_col_60,信达5416股份有限公司,ENTERPRISE_NAME
enterprise_col_60,长沙市智汇892股份有限公司,ENTERPRISE_NAME
enterprise_col_60,青岛市瑞达890实业有限公司,ENTERPRISE_NAME
enterprise_col_60,cfg_4872,ENTERPRISE_NAME
enterprise_col_60,杭州市恒远895科技有限公司,ENTERPRISE_NAME
enterprise_col_60,test_4869,ENTERPRISE_NAME
enterprise_col_60,青岛市腾迅896科技有限公司,ENTERPRISE_NAME
enterprise_col_60,西安市瑞达894实业有限公司,ENTERPRISE_NAME
enterprise_col_60,cfg_4870,ENTERPRISE_NAME
enterprise_col_61,天津市鸿泰906实业有限公司,ENTERPRISE_NAME
enterprise_col_61,西安市恒远903股份有限公司,ENTERPRISE_NAME
enterprise_col_61,华夏5424有限公司,ENTERPRISE_NAME
enterprise_col_61,长沙市云联908有限公司,ENTERPRISE_NAME
enterprise_col_61,智汇5425有限公司,ENTERPRISE_NAME
enterprise_col_61,param.4874.value,ENTERPRISE_NAME
enterprise_col_61,云联5429有限公司,ENTERPRISE_NAME
enterprise_col_61,武汉市华夏900实业有限公司,ENTERPRISE_NAME
enterprise_col_61,苏州市华夏901股份有限公司,ENTERPRISE_NAME
enterprise_col_61,上海市信达909科技有限公司,ENTERPRISE_NAME
enterprise_col_61,天津市云联902科技有限公司,ENTERPRISE_NAME
enterprise_col_61,cfg_4876,ENTERPRISE_NAME
enterprise_col_61,上海市英迪907有限公司,ENTERPRISE_NAME
enterprise_col_61,武汉市英迪905实业有限公司,ENTERPRISE_NAME
enterprise_col_61,历史数据_4875,ENTERPRISE_NAME
enterprise_col_61,unknown_4877,ENTERPRISE_NAME
enterprise_col_61,信达5426股份有限公司,ENTERPRISE_NAME
enterprise_col_61,瑞达5427有限公司,ENTERPRISE_NAME
enterprise_col_61,博瑞5428有限公司,ENTERPRISE_NAME
enterprise_col_61,天津市恒远904实业有限公司,ENTERPRISE_NAME
enterprise_col_62,N/A-4880,ENTERPRISE_NAME
enterprise_col_62,恒远5434集团有限公司,ENTERPRISE_NAME
enterprise_col_62,重庆市智汇910集团有限公司,ENTERPRISE_NAME
enterprise_col_62,cfg_4884,ENTERPRISE_NAME
enterprise_col_62,上海市信达914有限公司,ENTERPRISE_NAME
enterprise_col_62,上海市博瑞911股份有限公司,ENTERPRISE_NAME
enterprise_col_62,广州市华夏918科技有限公司,ENTERPRISE_NAME
enterprise_col_62,深圳市英迪916科技有限公司,ENTERPRISE_NAME
enterprise_col_62,武汉市博雅913有限公司,ENTERPRISE_NAME
enterprise_col_62,青岛市瑞达915实业有限公司,ENTERPRISE_NAME
enterprise_col_62,杭州市云联917有限公司,ENTERPRISE_NAME
enterprise_col_62,N/A-4881,ENTERPRISE_NAME
enterprise_col_62,2018-08-15#4882,ENTERPRISE_NAME
enterprise_col_62,苏州市腾迅912有限公司,ENTERPRISE_NAME
enterprise_col_62,英迪5435科技有限公司,ENTERPRISE_NAME
enterprise_col_62,瑞达5436有限公司,ENTERPRISE_NAME
enterprise_col_62,已删除_4883,ENTERPRISE_NAME
enterprise_col_62,武汉市腾迅919集团有限公司,ENTERPRISE_NAME
enterprise_col_62,IDX00004879,ENTERPRISE_NAME
enterprise_col_62,历史数据_4878,ENTERPRISE_NAME
enterprise_col_63,unknown_4887,ENTERPRISE_NAME
enterprise_col_63,厦门市中科925股份有限公司,ENTERPRISE_NAME
enterprise_col_63,广州市瑞达928集团有限公司,ENTERPRISE_NAME
enterprise_col_63,北京市智汇922实业有限公司,ENTERPRISE_NAME
enterprise_col_63,2023-08-25#4891,ENTERPRISE_NAME
enterprise_col_63,39374088_4890,ENTERPRISE_NAME
enterprise_col_63,武汉市华夏921有限公司,ENTERPRISE_NAME
enterprise_col_63,test_4888,ENTERPRISE_NAME
enterprise_col_63,腾迅5445股份有限公司,ENTERPRISE_NAME
enterprise_col_63,云联5444实业有限公司,ENTERPRISE_NAME
enterprise_col_63,IDX00004892,ENTERPRISE_NAME
enterprise_col_63,unknown_4885,ENTERPRISE_NAME
enterprise_col_63,厦门市腾迅923有限公司,ENTERPRISE_NAME
enterprise_col_63,N/A-4889,ENTERPRISE_NAME
enterprise_col_63,杭州市恒远927科技有限公司,ENTERPRISE_NAME
enterprise_col_63,青岛市中科926科技有限公司,ENTERPRISE_NAME
enterprise_col_63,长沙市华夏924科技有限公司,ENTERPRISE_NAME
enterprise_col_63,青岛市博雅920集团有限公司,ENTERPRISE_NAME
enterprise_col_63,西安市智汇929集团有限公司,ENTERPRISE_NAME
enterprise_col_63,test_4886,ENTERPRISE_NAME
enterprise_col_64,北京市智汇932科技有限公司,ENTERPRISE_NAME
enterprise_col_64,武汉市恒远931实业有限公司,ENTERPRISE_NAME
enterprise_col_64,param.4896.value,ENTERPRISE_NAME
enterprise_col_64,博瑞5455实业有限公司,ENTERPRISE_NAME
enterprise_col_64,厦门市博雅939有限公司,ENTERPRISE_NAME
enterprise_col_64,博瑞5456集团有限公司,ENTERPRISE_NAME
enterprise_col_64,青岛市华夏930股份有限公司,ENTERPRISE_NAME
enterprise_col_64,cfg_4895,ENTERPRISE_NAME
enterprise_col_64,上海市恒远934有限公司,ENTERPRISE_NAME
enterprise_col_64,test_4898,ENTERPRISE_NAME
enterprise_col_64,西安市瑞达937股份有限公司,ENTERPRISE_NAME
enterprise_col_64,天津市华夏936集团有限公司,ENTERPRISE_NAME
enterprise_col_64,天津市博瑞938实业有限公司,ENTERPRISE_NAME
enterprise_col_64,恒远5454集团有限公司,ENTERPRISE_NAME
enterprise_col_64,英迪5457实业有限公司,ENTERPRISE_NAME
enterprise_col_64,上海市华夏933股份有限公司,ENTERPRISE_NAME
enterprise_col_64,杭州市博雅935股份有限公司,ENTERPRISE_NAME
enterprise_col_64,param.4894.value,ENTERPRISE_NAME
enterprise_col_64,14445829954,ENTERPRISE_NAME
enterprise_col_64,N/A-4897,ENTERPRISE_NAME
enterprise_col_65,华夏5468有限公司,ENTERPRISE_NAME
enterprise_col_65,N/A-4900,ENTERPRISE_NAME
enterprise_col_65,深圳市恒远940集团有限公司,ENTERPRISE_NAME
enterprise_col_65,南京市博瑞949实业有限公司,ENTERPRISE_NAME
enterprise_col_65,瑞达5467实业有限公司,ENTERPRISE_NAME
enterprise_col_65,武汉市英迪944集团有限公司,ENTERPRISE_NAME
enterprise_col_65,47970464_4902,ENTERPRISE_NAME
enterprise_col_65,苏州市中科945实业有限公司,ENTERPRISE_NAME
enterprise_col_65,长沙市云联948有限公司,ENTERPRISE_NAME
enterprise_col_65,西安市英迪943集团有限公司,ENTERPRISE_NAME
enterprise_col_65,test_4901,ENTERPRISE_NAME
enterprise_col_65,武汉市博雅942集团有限公司,ENTERPRISE_NAME
enterprise_col_65,青岛市中科947实业有限公司,ENTERPRISE_NAME
enterprise_col_65,瑞达5466集团有限公司,ENTERPRISE_NAME
enterprise_col_65,恒远5464实业有限公司,ENTERPRISE_NAME
enterprise_col_65,空值占位_4899,ENTERPRISE_NAME
enterprise_col_65,南京市博雅941集团有限公司,ENTERPRISE_NAME
enterprise_col_65,广州市华夏946集团有限公司,ENTERPRISE_NAME
enterprise_col_65,腾迅5469科技有限公司,ENTERPRISE_NAME
enterprise_col_65,华夏5465科技有限公司,ENTERPRISE_NAME
enterprise_col_66,杭州市华夏952股份有限公司,ENTERPRISE_NAME
enterprise_col_66,已删除_4903,ENTERPRISE_NAME
enterprise_col_66,恒远5476股份有限公司,ENTERPRISE_NAME
enterprise_col_66,广州市华夏954科技有限公司,ENTERPRISE_NAME
enterprise_col_66,39344402_4905,ENTERPRISE_NAME
enterprise_col_66,瑞达5477科技有限公司,ENTERPRISE_NAME
enterprise_col_66,南京市恒远951集团有限公司,ENTERPRISE_NAME
enterprise_col_66,武汉市云联950实业有限公司,ENTERPRISE_NAME
enterprise_col_66,厦门市鸿泰959科技有限公司,ENTERPRISE_NAME
enterprise_col_66,厦门市博雅958有限公司,ENTERPRISE_NAME
enterprise_col_66,上海市云联955集团有限公司,ENTERPRISE_NAME
enterprise_col_66,param.4908.value,ENTERPRISE_NAME
enterprise_col_66,上海市云联957实业有限公司,ENTERPRISE_NAME
enterprise_col_66,大连市腾迅953科技有限公司,ENTERPRISE_NAME
enterprise_col_66,中科5474科技有限公司,ENTERPRISE_NAME
enterprise_col_66,厦门市云联956有限公司,ENTERPRISE_NAME
enterprise_col_66,IDX00004907,ENTERPRISE_NAME
enterprise_col_66,13410349992,ENTERPRISE_NAME
enterprise_col_66,鸿泰5475集团有限公司,ENTERPRISE_NAME
enterprise_col_66,unknown_4904,ENTERPRISE_NAME
enterprise_col_67,天津市英迪969科技有限公司,ENTERPRISE_NAME
enterprise_col_67,N/A-4911,ENTERPRISE_NAME
enterprise_col_67,北京市信达966实业有限公司,ENTERPRISE_NAME
enterprise_col_67,N/A-4913,ENTERPRISE_NAME
enterprise_col_67,2020-06-08#4914,ENTERPRISE_NAME
enterprise_col_67,test_4909,ENTERPRISE_NAME
enterprise_col_67,上海市英迪963集团有限公司,ENTERPRISE_NAME
enterprise_col_67,广州市英迪968科技有限公司,ENTERPRISE_NAME
enterprise_col_67,unknown_4910,ENTERPRISE_NAME
enterprise_col_67,厦门市博瑞961科技有限公司,ENTERPRISE_NAME
enterprise_col_67,重庆市瑞达965股份有限公司,ENTERPRISE_NAME
enterprise_col_67,博瑞5484集团有限公司,ENTERPRISE_NAME
enterprise_col_67,IDX00004915,ENTERPRISE_NAME
enterprise_col_67,青岛市鸿泰967有限公司,ENTERPRISE_NAME
enterprise_col_67,北京市瑞达964集团有限公司,ENTERPRISE_NAME
enterprise_col_67,N/A-4912,ENTERPRISE_NAME
enterprise_col_67,18777620874,ENTERPRISE_NAME
enterprise_col_67,上海市智汇960股份有限公司,ENTERPRISE_NAME
enterprise_col_67,备注信息_4916,ENTERPRISE_NAME
enterprise_col_67,上海市腾迅962集团有限公司,ENTERPRISE_NAME
enterprise_col_68,大连市中科972股份有限公司,ENTERPRISE_NAME
enterprise_col_68,华夏5496股份有限公司,ENTERPRISE_NAME
enterprise_col_68,厦门市华夏976实业有限公司,ENTERPRISE_NAME
enterprise_col_68,备注信息_4920,ENTERPRISE_NAME
enterprise_col_68,2019-03-24#4923,ENTERPRISE_NAME
enterprise_col_68,智汇5495集团有限公司,ENTERPRISE_NAME
enterprise_col_68,N/A-4919,ENTERPRISE_NAME
enterprise_col_68,重庆市恒远974股份有限公司,ENTERPRISE_NAME
enterprise_col_68,param.4918.value,ENTERPRISE_NAME
enterprise_col_68,test_4924,ENTERPRISE_NAME
enterprise_col_68,重庆市博瑞971科技有限公司,ENTERPRISE_NAME
enterprise_col_68,青岛市瑞达970实业有限公司,ENTERPRISE_NAME
enterprise_col_68,重庆市腾迅978实业有限公司,ENTERPRISE_NAME
enterprise_col_68,IDX00004921,ENTERPRISE_NAME
enterprise_col_68,重庆市信达977集团有限公司,ENTERPRISE_NAME
enterprise_col_68,鸿泰5494实业有限公司,ENTERPRISE_NAME
enterprise_col_68,天津市信达975实业有限公司,ENTERPRISE_NAME
enterprise_col_68,杭州市华夏973集团有限公司,ENTERPRISE_NAME
enterprise_col_68,北京市恒远979集团有限公司,ENTERPRISE_NAME
enterprise_col_68,16813566525,ENTERPRISE_NAME
enterprise_col_69,95737346_4931,ENTERPRISE_NAME
enterprise_col_69,test_4929,ENTERPRISE_NAME
enterprise_col_69,成都市云联987集团有限公司,ENTERPRISE_NAME
enterprise_col_69,大连市博雅981有限公司,ENTERPRISE_NAME
enterprise_col_69,cfg_4926,ENTERPRISE_NAME
enterprise_col_69,深圳市云联985实业有限公司,ENTERPRISE_NAME
enterprise_col_69,N/A-4927,ENTERPRISE_NAME
enterprise_col_69,N/A-4932,ENTERPRISE_NAME
enterprise_col_69,unknown_4925,ENTERPRISE_NAME
enterprise_col_69,上海市信达983科技有限公司,ENTERPRISE_NAME
enterprise_col_69,test_4933,ENTERPRISE_NAME
enterprise_col_69,苏州市恒远986科技有限公司,ENTERPRISE_NAME
enterprise_col_69,param.4930.value,ENTERPRISE_NAME
enterprise_col_69,大连市华夏982科技有限公司,ENTERPRISE_NAME
enterprise_col_69,N/A-4934,ENTERPRISE_NAME
enterprise_col_69,武汉市腾迅989股份有限公司,ENTERPRISE_NAME
enterprise_col_69,苏州市云联980股份有限公司,ENTERPRISE_NAME
enterprise_col_69,param.4928.value,ENTERPRISE_NAME
enterprise_col_69,南京市鸿泰984有限公司,ENTERPRISE_NAME
enterprise_col_69,重庆市博雅988股份有限公司,ENTERPRISE_NAME
enterprise_col_70,unknown_4937,ENTERPRISE_NAME
enterprise_col_70,武汉市恒远991有限公司,ENTERPRISE_NAME
enterprise_col_70,上海市瑞达997股份有限公司,ENTERPRISE_NAME
enterprise_col_70,test_4941,ENTERPRISE_NAME
enterprise_col_70,杭州市瑞达990有限公司,ENTERPRISE_NAME
enterprise_col_70,IDX00004938,ENTERPRISE_NAME
enterprise_col_70,大连市瑞达993集团有限公司,ENTERPRISE_NAME
enterprise_col_70,成都市腾迅992实业有限公司,ENTERPRISE_NAME
enterprise_col_70,cfg_4939,ENTERPRISE_NAME
enterprise_col_70,重庆市华夏996集团有限公司,ENTERPRISE_NAME
enterprise_col_70,2019-11-13#4940,ENTERPRISE_NAME
enterprise_col_70,上海市英迪994股份有限公司,ENTERPRISE_NAME
enterprise_col_70,62463045_4936,ENTERPRISE_NAME
enterprise_col_70,大连市恒远999实业有限公司,ENTERPRISE_NAME
enterprise_col_70,中科5514股份有限公司,ENTERPRISE_NAME
enterprise_col_70,西安市恒远998有限公司,ENTERPRISE_NAME
enterprise_col_70,云联5515实业有限公司,ENTERPRISE_NAME
enterprise_col_70,上海市中科995集团有限公司,ENTERPRISE_NAME
enterprise_col_70,智汇5516集团有限公司,ENTERPRISE_NAME
enterprise_col_70,test_4935,ENTERPRISE_NAME
enterprise_col_71,博瑞5530股份有限公司,ENTERPRISE_NAME
enterprise_col_71,中科5528股份有限公司,ENTERPRISE_NAME
enterprise_col_71,IDX00004942,ENTERPRISE_NAME
enterprise_col_71,2023-03-18#4943,ENTERPRISE_NAME
enterprise_col_71,深圳市智汇1000股份有限公司,ENTERPRISE_NAME
enterprise_col_71,长沙市云联1006实业有限公司,ENTERPRISE_NAME
enterprise_col_71,天津市博瑞1003有限公司,ENTERPRISE_NAME
enterprise_col_71,苏州市瑞达1001集团有限公司,ENTERPRISE_NAME
enterprise_col_71,北京市博瑞1007集团有限公司,ENTERPRISE_NAME
enterprise_col_71,鸿泰5527科技有限公司,ENTERPRISE_NAME
enterprise_col_71,瑞达5526集团有限公司,ENTERPRISE_NAME
enterprise_col_71,IDX00004944,ENTERPRISE_NAME
enterprise_col_71,青岛市恒远1002科技有限公司,ENTERPRISE_NAME
enterprise_col_71,中科5525集团有限公司,ENTERPRISE_NAME
enterprise_col_71,腾迅5524实业有限公司,ENTERPRISE_NAME
enterprise_col_71,上海市云联1008股份有限公司,ENTERPRISE_NAME
enterprise_col_71,苏州市瑞达1004集团有限公司,ENTERPRISE_NAME
enterprise_col_71,英迪5529集团有限公司,ENTERPRISE_NAME
enterprise_col_71,苏州市鸿泰1005集团有限公司,ENTERPRISE_NAME
enterprise_col_71,北京市恒远1009实业有限公司,ENTERPRISE_NAME
enterprise_col_72,上海市腾迅1012股份有限公司,ENTERPRISE_NAME
enterprise_col_72,华夏5537科技有限公司,ENTERPRISE_NAME
enterprise_col_72,unknown_4946,ENTERPRISE_NAME
enterprise_col_72,武汉市信达1019股份有限公司,ENTERPRISE_NAME
enterprise_col_72,厦门市腾迅1013有限公司,ENTERPRISE_NAME
enterprise_col_72,大连市信达1017集团有限公司,ENTERPRISE_NAME
enterprise_col_72,西安市智汇1011科技有限公司,ENTERPRISE_NAME
enterprise_col_72,博雅5539有限公司,ENTERPRISE_NAME
enterprise_col_72,青岛市英迪1015有限公司,ENTERPRISE_NAME
enterprise_col_72,恒远5536实业有限公司,ENTERPRISE_NAME
enterprise_col_72,上海市瑞达1016科技有限公司,ENTERPRISE_NAME
enterprise_col_72,深圳市智汇1014实业有限公司,ENTERPRISE_NAME
enterprise_col_72,信达5534实业有限公司,ENTERPRISE_NAME
enterprise_col_72,南京市瑞达1018集团有限公司,ENTERPRISE_NAME
enterprise_col_72,华夏5540股份有限公司,ENTERPRISE_NAME
enterprise_col_72,param.4945.value,ENTERPRISE_NAME
enterprise_col_72,云联5541科技有限公司,ENTERPRISE_NAME
enterprise_col_72,华夏5535科技有限公司,ENTERPRISE_NAME
enterprise_col_72,南京市信达1010实业有限公司,ENTERPRISE_NAME
enterprise_col_72,云联5538集团有限公司,ENTERPRISE_NAME
enterprise_col_73,19427167970,ENTERPRISE_NAME
enterprise_col_73,天津市信达1029集团有限公司,ENTERPRISE_NAME
enterprise_col_73,杭州市瑞达1028集团有限公司,ENTERPRISE_NAME
enterprise_col_73,华夏5545集团有限公司,ENTERPRISE_NAME
enterprise_col_73,西安市恒远1023集团有限公司,ENTERPRISE_NAME
enterprise_col_73,西安市智汇1020科技有限公司,ENTERPRISE_NAME
enterprise_col_73,武汉市瑞达1026股份有限公司,ENTERPRISE_NAME
enterprise_col_73,param.4952.value,ENTERPRISE_NAME
enterprise_col_73,鸿泰5544实业有限公司,ENTERPRISE_NAME
enterprise_col_73,苏州市中科1021有限公司,ENTERPRISE_NAME
enterprise_col_73,N/A-4947,ENTERPRISE_NAME
enterprise_col_73,unknown_4953,ENTERPRISE_NAME
enterprise_col_73,19857663084,ENTERPRISE_NAME
enterprise_col_73,武汉市鸿泰1027实业有限公司,ENTERPRISE_NAME
enterprise_col_73,IDX00004949,ENTERPRISE_NAME
enterprise_col_73,param.4948.value,ENTERPRISE_NAME
enterprise_col_73,深圳市信达1024科技有限公司,ENTERPRISE_NAME
enterprise_col_73,恒远5546有限公司,ENTERPRISE_NAME
enterprise_col_73,武汉市博雅1022科技有限公司,ENTERPRISE_NAME
enterprise_col_73,武汉市博雅1025科技有限公司,ENTERPRISE_NAME
enterprise_col_74,恒远5557集团有限公司,ENTERPRISE_NAME
enterprise_col_74,长沙市腾迅1032股份有限公司,ENTERPRISE_NAME
enterprise_col_74,厦门市鸿泰1039集团有限公司,ENTERPRISE_NAME
enterprise_col_74,广州市恒远1030科技有限公司,ENTERPRISE_NAME
enterprise_col_74,广州市博瑞1036有限公司,ENTERPRISE_NAME
enterprise_col_74,恒远5554股份有限公司,ENTERPRISE_NAME
enterprise_col_74,深圳市博瑞1038实业有限公司,ENTERPRISE_NAME
enterprise_col_74,67772649_4954,ENTERPRISE_NAME
enterprise_col_74,青岛市华夏1037股份有限公司,ENTERPRISE_NAME
enterprise_col_74,param.4956.value,ENTERPRISE_NAME
enterprise_col_74,信达5556股份有限公司,ENTERPRISE_NAME
enterprise_col_74,成都市恒远1034科技有限公司,ENTERPRISE_NAME
enterprise_col_74,成都市博雅1033有限公司,ENTERPRISE_NAME
enterprise_col_74,cfg_4955,ENTERPRISE_NAME
enterprise_col_74,青岛市英迪1031股份有限公司,ENTERPRISE_NAME
enterprise_col_74,重庆市英迪1035科技有限公司,ENTERPRISE_NAME
enterprise_col_74,IDX00004957,ENTERPRISE_NAME
enterprise_col_74,13221472228,ENTERPRISE_NAME
enterprise_col_74,鸿泰5555实业有限公司,ENTERPRISE_NAME
enterprise_col_74,中科5558有限公司,ENTERPRISE_NAME
enterprise_col_75,13191546694,ENTERPRISE_NAME
enterprise_col_75,云联5568集团有限公司,ENTERPRISE_NAME
enterprise_col_75,广州市信达1042集团有限公司,ENTERPRISE_NAME
enterprise_col_75,恒远5566股份有限公司,ENTERPRISE_NAME
enterprise_col_75,2023-01-21#4960,ENTERPRISE_NAME
enterprise_col_75,智汇5570科技有限公司,ENTERPRISE_NAME
enterprise_col_75,华夏5564集团有限公司,ENTERPRISE_NAME
enterprise_col_75,杭州市鸿泰1040实业有限公司,ENTERPRISE_NAME
enterprise_col_75,IDX00004961,ENTERPRISE_NAME
enterprise_col_75,待核实_4962,ENTERPRISE_NAME
enterprise_col_75,大连市鸿泰1045科技有限公司,ENTERPRISE_NAME
enterprise_col_75,N/A-4959,ENTERPRISE_NAME
enterprise_col_75,广州市中科1043有限公司,ENTERPRISE_NAME
enterprise_col_75,云联5571实业有限公司,ENTERPRISE_NAME
enterprise_col_75,瑞达5569股份有限公司,ENTERPRISE_NAME
enterprise_col_75,84761964_4963,ENTERPRISE_NAME
enterprise_col_75,武汉市中科1041集团有限公司,ENTERPRISE_NAME
enterprise_col_75,鸿泰5567集团有限公司,ENTERPRISE_NAME
enterprise_col_75,恒远5565科技有限公司,ENTERPRISE_NAME
enterprise_col_75,深圳市中科1044集团有限公司,ENTERPRISE_NAME
enterprise_col_76,智汇5587集团有限公司,ENTERPRISE_NAME
enterprise_col_76,英迪5592集团有限公司,ENTERPRISE_NAME
enterprise_col_76,cfg_4965,ENTERPRISE_NAME
enterprise_col_76,博瑞5585集团有限公司,ENTERPRISE_NAME
enterprise_col_76,英迪5583股份有限公司,ENTERPRISE_NAME
enterprise_col_76,鸿泰5594有限公司,ENTERPRISE_NAME
enterprise_col_76,智汇5582有限公司,ENTERPRISE_NAME
enterprise_col_76,瑞达5581股份有限公司,ENTERPRISE_NAME
enterprise_col_76,信达5580科技有限公司,ENTERPRISE_NAME
enterprise_col_76,智汇5590股份有限公司,ENTERPRISE_NAME
enterprise_col_76,瑞达5591有限公司,ENTERPRISE_NAME
enterprise_col_76,鸿泰5586有限公司,ENTERPRISE_NAME
enterprise_col_76,待核实_4966,ENTERPRISE_NAME
enterprise_col_76,恒远5588实业有限公司,ENTERPRISE_NAME
enterprise_col_76,信达5579实业有限公司,ENTERPRISE_NAME
enterprise_col_76,腾迅5593实业有限公司,ENTERPRISE_NAME
enterprise_col_76,智汇5589科技有限公司,ENTERPRISE_NAME
enterprise_col_76,恒远5584集团有限公司,ENTERPRISE_NAME
enterprise_col_76,中科5578集团有限公司,ENTERPRISE_NAME
enterprise_col_76,2026-08-13#4967,ENTERPRISE_NAME
enterprise_col_77,英迪5605实业有限公司,ENTERPRISE_NAME
enterprise_col_77,恒远5606集团有限公司,ENTERPRISE_NAME
enterprise_col_77,瑞达5602有限公司,ENTERPRISE_NAME
enterprise_col_77,IDX00004970,ENTERPRISE_NAME
enterprise_col_77,19885628_4974,ENTERPRISE_NAME
enterprise_col_77,英迪5600科技有限公司,ENTERPRISE_NAME
enterprise_col_77,信达5599集团有限公司,ENTERPRISE_NAME
enterprise_col_77,云联5598实业有限公司,ENTERPRISE_NAME
enterprise_col_77,中科5604有限公司,ENTERPRISE_NAME
enterprise_col_77,2021-08-04#4975,ENTERPRISE_NAME
enterprise_col_77,鸿泰5608集团有限公司,ENTERPRISE_NAME
enterprise_col_77,待核实_4971,ENTERPRISE_NAME
enterprise_col_77,待核实_4972,ENTERPRISE_NAME
enterprise_col_77,云联5601股份有限公司,ENTERPRISE_NAME
enterprise_col_77,18478066628,ENTERPRISE_NAME
enterprise_col_77,华夏5603股份有限公司,ENTERPRISE_NAME
enterprise_col_77,2025-12-07#4973,ENTERPRISE_NAME
enterprise_col_77,test_4969,ENTERPRISE_NAME
enterprise_col_77,华夏5607实业有限公司,ENTERPRISE_NAME
enterprise_col_77,37000941_4968,ENTERPRISE_NAME
enterprise_col_78,param.4982.value,ENTERPRISE_NAME
enterprise_col_78,2021-01-03#4983,ENTERPRISE_NAME
enterprise_col_78,信达5621科技有限公司,ENTERPRISE_NAME
enterprise_col_78,中科5624集团有限公司,ENTERPRISE_NAME
enterprise_col_78,瑞达5623科技有限公司,ENTERPRISE_NAME
enterprise_col_78,N/A-4979,ENTERPRISE_NAME
enterprise_col_78,云联5622实业有限公司,ENTERPRISE_NAME
enterprise_col_78,param.4981.value,ENTERPRISE_NAME
enterprise_col_78,鸿泰5627有限公司,ENTERPRISE_NAME
enterprise_col_78,智汇5626科技有限公司,ENTERPRISE_NAME
enterprise_col_78,博雅5620有限公司,ENTERPRISE_NAME
enterprise_col_78,博雅5619集团有限公司,ENTERPRISE_NAME
enterprise_col_78,2019-09-28#4986,ENTERPRISE_NAME
enterprise_col_78,param.4985.value,ENTERPRISE_NAME
enterprise_col_78,云联5618有限公司,ENTERPRISE_NAME
enterprise_col_78,param.4980.value,ENTERPRISE_NAME
enterprise_col_78,博雅5625股份有限公司,ENTERPRISE_NAME
enterprise_col_78,test_4977,ENTERPRISE_NAME
enterprise_col_78,2023-07-04#4978,ENTERPRISE_NAME
enterprise_col_78,2022-06-09#4984,ENTERPRISE_NAME
enterprise_col_79,test_4987,ENTERPRISE_NAME
enterprise_col_79,IDX00004988,ENTERPRISE_NAME
enterprise_col_79,博瑞5639集团有限公司,ENTERPRISE_NAME
enterprise_col_79,鸿泰5645有限公司,ENTERPRISE_NAME
enterprise_col_79,2020-03-17#4989,ENTERPRISE_NAME
enterprise_col_79,华夏5650股份有限公司,ENTERPRISE_NAME
enterprise_col_79,瑞达5651实业有限公司,ENTERPRISE_NAME
enterprise_col_79,历史数据_4990,ENTERPRISE_NAME
enterprise_col_79,博雅5640实业有限公司,ENTERPRISE_NAME
enterprise_col_79,中科5644集团有限公司,ENTERPRISE_NAME
enterprise_col_79,云联5642科技有限公司,ENTERPRISE_NAME
enterprise_col_79,云联5647有限公司,ENTERPRISE_NAME
enterprise_col_79,华夏5648有限公司,ENTERPRISE_NAME
enterprise_col_79,恒远5638科技有限公司,ENTERPRISE_NAME
enterprise_col_79,信达5643股份有限公司,ENTERPRISE_NAME
enterprise_col_79,cfg_4991,ENTERPRISE_NAME
enterprise_col_79,瑞达5646股份有限公司,ENTERPRISE_NAME
enterprise_col_79,瑞达5641有限公司,ENTERPRISE_NAME
enterprise_col_79,中科5649股份有限公司,ENTERPRISE_NAME
enterprise_col_79,备注信息_4992,ENTERPRISE_NAME
enterprise_col_80,系统导入_4996,ENTERPRISE_NAME
enterprise_col_80,云联5661科技有限公司,ENTERPRISE_NAME
enterprise_col_80,test_4994,ENTERPRISE_NAME
enterprise_col_80,恒远5673科技有限公司,ENTERPRISE_NAME
enterprise_col_80,华夏5671实业有限公司,ENTERPRISE_NAME
enterprise_col_80,17988736316,ENTERPRISE_NAME
enterprise_col_80,中科5667科技有限公司,ENTERPRISE_NAME
enterprise_col_80,云联5669有限公司,ENTERPRISE_NAME
enterprise_col_80,博雅5668有限公司,ENTERPRISE_NAME
enterprise_col_80,待核实_4995,ENTERPRISE_NAME
enterprise_col_80,恒远5663科技有限公司,ENTERPRISE_NAME
enterprise_col_80,鸿泰5670股份有限公司,ENTERPRISE_NAME
enterprise_col_80,瑞达5659股份有限公司,ENTERPRISE_NAME
enterprise_col_80,恒远5658股份有限公司,ENTERPRISE_NAME
enterprise_col_80,鸿泰5672股份有限公司,ENTERPRISE_NAME
enterprise_col_80,云联5660有限公司,ENTERPRISE_NAME
enterprise_col_80,博瑞5662有限公司,ENTERPRISE_NAME
enterprise_col_80,云联5664集团有限公司,ENTERPRISE_NAME
enterprise_col_80,华夏5666股份有限公司,ENTERPRISE_NAME
enterprise_col_80,腾迅5665科技有限公司,ENTERPRISE_NAME
enterprise_col_81,鸿泰5680有限公司,ENTERPRISE_NAME
enterprise_col_81,智汇5687股份有限公司,ENTERPRISE_NAME
enterprise_col_81,腾迅5685有限公司,ENTERPRISE_NAME
enterprise_col_81,IDX00004999,ENTERPRISE_NAME
enterprise_col_81,瑞达5682实业有限公司,ENTERPRISE_NAME
enterprise_col_81,华夏5686有限公司,ENTERPRISE_NAME
enterprise_col_81,中科5681有限公司,ENTERPRISE_NAME
enterprise_col_81,param.5000.value,ENTERPRISE_NAME
enterprise_col_81,unknown_5003,ENTERPRISE_NAME
enterprise_col_81,N/A-5002,ENTERPRISE_NAME
enterprise_col_81,IDX00004997,ENTERPRISE_NAME
enterprise_col_81,瑞达5679科技有限公司,ENTERPRISE_NAME
enterprise_col_81,华夏5688股份有限公司,ENTERPRISE_NAME
enterprise_col_81,英迪5684有限公司,ENTERPRISE_NAME
enterprise_col_81,IDX00005001,ENTERPRISE_NAME
enterprise_col_81,test_5004,ENTERPRISE_NAME
enterprise_col_81,云联5678股份有限公司,ENTERPRISE_NAME
enterprise_col_81,云联5689实业有限公司,ENTERPRISE_NAME
enterprise_col_81,鸿泰5683科技有限公司,ENTERPRISE_NAME
enterprise_col_81,test_4998,ENTERPRISE_NAME
enterprise_col_82,信达5699科技有限公司,ENTERPRISE_NAME
enterprise_col_82,瑞达5702集团有限公司,ENTERPRISE_NAME
enterprise_col_82,unknown_5006,ENTERPRISE_NAME
enterprise_col_82,N/A-5013,ENTERPRISE_NAME
enterprise_col_82,信达5707集团有限公司,ENTERPRISE_NAME
enterprise_col_82,test_5009,ENTERPRISE_NAME
enterprise_col_82,unknown_5007,ENTERPRISE_NAME
enterprise_col_82,15650782061,ENTERPRISE_NAME
enterprise_col_82,博瑞5700科技有限公司,ENTERPRISE_NAME
enterprise_col_82,博雅5708科技有限公司,ENTERPRISE_NAME
enterprise_col_82,博雅5704集团有限公司,ENTERPRISE_NAME
enterprise_col_82,智汇5705实业有限公司,ENTERPRISE_NAME
enterprise_col_82,瑞达5701集团有限公司,ENTERPRISE_NAME
enterprise_col_82,IDX00005010,ENTERPRISE_NAME
enterprise_col_82,英迪5706实业有限公司,ENTERPRISE_NAME
enterprise_col_82,云联5698有限公司,ENTERPRISE_NAME
enterprise_col_82,恒远5703实业有限公司,ENTERPRISE_NAME
enterprise_col_82,cfg_5005,ENTERPRISE_NAME
enterprise_col_82,19568697967,ENTERPRISE_NAME
enterprise_col_82,2022-11-21#5011,ENTERPRISE_NAME
enterprise_col_83,中科5728有限公司,ENTERPRISE_NAME
enterprise_col_83,华夏5730股份有限公司,ENTERPRISE_NAME
enterprise_col_83,IDX00005014,ENTERPRISE_NAME
enterprise_col_83,博瑞5724实业有限公司,ENTERPRISE_NAME
enterprise_col_83,瑞达5722股份有限公司,ENTERPRISE_NAME
enterprise_col_83,中科5729集团有限公司,ENTERPRISE_NAME
enterprise_col_83,华夏5718科技有限公司,ENTERPRISE_NAME
enterprise_col_83,param.5017.value,ENTERPRISE_NAME
enterprise_col_83,恒远5721股份有限公司,ENTERPRISE_NAME
enterprise_col_83,unknown_5019,ENTERPRISE_NAME
enterprise_col_83,云联5720实业有限公司,ENTERPRISE_NAME
enterprise_col_83,博雅5725股份有限公司,ENTERPRISE_NAME
enterprise_col_83,博雅5726科技有限公司,ENTERPRISE_NAME
enterprise_col_83,瑞达5723集团有限公司,ENTERPRISE_NAME
enterprise_col_83,17818290888,ENTERPRISE_NAME
enterprise_col_83,博瑞5719股份有限公司,ENTERPRISE_NAME
enterprise_col_83,44507546_5018,ENTERPRISE_NAME
enterprise_col_83,信达5727有限公司,ENTERPRISE_NAME
enterprise_col_83,unknown_5020,ENTERPRISE_NAME
enterprise_col_83,13556493675,ENTERPRISE_NAME
enterprise_col_84,瑞达5740有限公司,ENTERPRISE_NAME
enterprise_col_84,鸿泰5747集团有限公司,ENTERPRISE_NAME
enterprise_col_84,test_5027,ENTERPRISE_NAME
enterprise_col_84,IDX00005025,ENTERPRISE_NAME
enterprise_col_84,test_5028,ENTERPRISE_NAME
enterprise_col_84,N/A-5022,ENTERPRISE_NAME
enterprise_col_84,鸿泰5739股份有限公司,ENTERPRISE_NAME
enterprise_col_84,param.5021.value,ENTERPRISE_NAME
enterprise_col_84,云联5744有限公司,ENTERPRISE_NAME
enterprise_col_84,52325773_5023,ENTERPRISE_NAME
enterprise_col_84,19538022152,ENTERPRISE_NAME
enterprise_col_84,博雅5748实业有限公司,ENTERPRISE_NAME
enterprise_col_84,博雅5741有限公司,ENTERPRISE_NAME
enterprise_col_84,27339687_5026,ENTERPRISE_NAME
enterprise_col_84,鸿泰5738科技有限公司,ENTERPRISE_NAME
enterprise_col_84,腾迅5743股份有限公司,ENTERPRISE_NAME
enterprise_col_84,华夏5742集团有限公司,ENTERPRISE_NAME
enterprise_col_84,华夏5745科技有限公司,ENTERPRISE_NAME
enterprise_col_84,博瑞5749股份有限公司,ENTERPRISE_NAME
enterprise_col_84,博瑞5746实业有限公司,ENTERPRISE_NAME
enterprise_col_85,智汇5761实业有限公司,ENTERPRISE_NAME
enterprise_col_85,鸿泰5760集团有限公司,ENTERPRISE_NAME
enterprise_col_85,瑞达5763集团有限公司,ENTERPRISE_NAME
enterprise_col_85,cfg_5035,ENTERPRISE_NAME
enterprise_col_85,unknown_5030,ENTERPRISE_NAME
enterprise_col_85,系统导入_5032,ENTERPRISE_NAME
enterprise_col_85,鸿泰5767有限公司,ENTERPRISE_NAME
enterprise_col_85,信达5764实业有限公司,ENTERPRISE_NAME
enterprise_col_85,IDX00005031,ENTERPRISE_NAME
enterprise_col_85,瑞达5770科技有限公司,ENTERPRISE_NAME
enterprise_col_85,信达5758科技有限公司,ENTERPRISE_NAME
enterprise_col_85,恒远5766有限公司,ENTERPRISE_NAME
enterprise_col_85,云联5769实业有限公司,ENTERPRISE_NAME
enterprise_col_85,恒远5765集团有限公司,ENTERPRISE_NAME
enterprise_col_85,腾迅5762科技有限公司,ENTERPRISE_NAME
enterprise_col_85,IDX00005034,ENTERPRISE_NAME
enterprise_col_85,N/A-5029,ENTERPRISE_NAME
enterprise_col_85,N/A-5033,ENTERPRISE_NAME
enterprise_col_85,智汇5768有限公司,ENTERPRISE_NAME
enterprise_col_85,云联5759股份有限公司,ENTERPRISE_NAME
enterprise_col_86,智汇5781股份有限公司,ENTERPRISE_NAME
enterprise_col_86,博雅5779有限公司,ENTERPRISE_NAME
enterprise_col_86,博雅5782科技有限公司,ENTERPRISE_NAME
enterprise_col_86,中科5778股份有限公司,ENTERPRISE_NAME
enterprise_col_86,中科5788集团有限公司,ENTERPRISE_NAME
enterprise_col_86,鸿泰5783集团有限公司,ENTERPRISE_NAME
enterprise_col_86,鸿泰5792科技有限公司,ENTERPRISE_NAME
enterprise_col_86,英迪5785集团有限公司,ENTERPRISE_NAME
enterprise_col_86,IDX00005040,ENTERPRISE_NAME
enterprise_col_86,param.5036.value,ENTERPRISE_NAME
enterprise_col_86,智汇5786有限公司,ENTERPRISE_NAME
enterprise_col_86,华夏5789有限公司,ENTERPRISE_NAME
enterprise_col_86,博瑞5784科技有限公司,ENTERPRISE_NAME
enterprise_col_86,cfg_5038,ENTERPRISE_NAME
enterprise_col_86,中科5791股份有限公司,ENTERPRISE_NAME
enterprise_col_86,博雅5787集团有限公司,ENTERPRISE_NAME
enterprise_col_86,英迪5780实业有限公司,ENTERPRISE_NAME
enterprise_col_86,中科5790集团有限公司,ENTERPRISE_NAME
enterprise_col_86,cfg_5039,ENTERPRISE_NAME
enterprise_col_86,历史数据_5037,ENTERPRISE_NAME
enterprise_col_87,智汇5809集团有限公司,ENTERPRISE_NAME
enterprise_col_87,智汇5806有限公司,ENTERPRISE_NAME
enterprise_col_87,瑞达5807集团有限公司,ENTERPRISE_NAME
enterprise_col_87,博雅5808股份有限公司,ENTERPRISE_NAME
enterprise_col_87,cfg_5047,ENTERPRISE_NAME
enterprise_col_87,IDX00005042,ENTERPRISE_NAME
enterprise_col_87,中科5799集团有限公司,ENTERPRISE_NAME
enterprise_col_87,IDX00005045,ENTERPRISE_NAME
enterprise_col_87,华夏5801股份有限公司,ENTERPRISE_NAME
enterprise_col_87,瑞达5805股份有限公司,ENTERPRISE_NAME
enterprise_col_87,博雅5803有限公司,ENTERPRISE_NAME
enterprise_col_87,鸿泰5798科技有限公司,ENTERPRISE_NAME
enterprise_col_87,test_5048,ENTERPRISE_NAME
enterprise_col_87,中科5804实业有限公司,ENTERPRISE_NAME
enterprise_col_87,unknown_5041,ENTERPRISE_NAME
enterprise_col_87,瑞达5802实业有限公司,ENTERPRISE_NAME
enterprise_col_87,腾迅5800集团有限公司,ENTERPRISE_NAME
enterprise_col_87,15167446379,ENTERPRISE_NAME
enterprise_col_87,unknown_5044,ENTERPRISE_NAME
enterprise_col_87,cfg_5046,ENTERPRISE_NAME
enterprise_col_88,英迪5829股份有限公司,ENTERPRISE_NAME
enterprise_col_88,N/A-5054,ENTERPRISE_NAME
enterprise_col_88,恒远5819科技有限公司,ENTERPRISE_NAME
enterprise_col_88,华夏5824实业有限公司,ENTERPRISE_NAME
enterprise_col_88,14358090041,ENTERPRISE_NAME
enterprise_col_88,2025-01-20#5049,ENTERPRISE_NAME
enterprise_col_88,英迪5820科技有限公司,ENTERPRISE_NAME
enterprise_col_88,腾迅5827股份有限公司,ENTERPRISE_NAME
enterprise_col_88,智汇5823实业有限公司,ENTERPRISE_NAME
enterprise_col_88,博瑞5822集团有限公司,ENTERPRISE_NAME
enterprise_col_88,博瑞5821有限公司,ENTERPRISE_NAME
enterprise_col_88,腾迅5830有限公司,ENTERPRISE_NAME
enterprise_col_88,英迪5818集团有限公司,ENTERPRISE_NAME
enterprise_col_88,2026-08-03#5051,ENTERPRISE_NAME
enterprise_col_88,博瑞5828集团有限公司,ENTERPRISE_NAME
enterprise_col_88,14915696947,ENTERPRISE_NAME
enterprise_col_88,78997109_5055,ENTERPRISE_NAME
enterprise_col_88,恒远5825集团有限公司,ENTERPRISE_NAME
enterprise_col_88,瑞达5826科技有限公司,ENTERPRISE_NAME
enterprise_col_88,cfg_5052,ENTERPRISE_NAME
enterprise_col_89,英迪5839科技有限公司,ENTERPRISE_NAME
enterprise_col_89,博瑞5840科技有限公司,ENTERPRISE_NAME
enterprise_col_89,N/A-5058,ENTERPRISE_NAME
enterprise_col_89,恒远5847股份有限公司,ENTERPRISE_NAME
enterprise_col_89,博瑞5848实业有限公司,ENTERPRISE_NAME
enterprise_col_89,博雅5843有限公司,ENTERPRISE_NAME
enterprise_col_89,test_5057,ENTERPRISE_NAME
enterprise_col_89,IDX00005063,ENTERPRISE_NAME
enterprise_col_89,华夏5841科技有限公司,ENTERPRISE_NAME
enterprise_col_89,N/A-5056,ENTERPRISE_NAME
enterprise_col_89,恒远5842实业有限公司,ENTERPRISE_NAME
enterprise_col_89,N/A-5062,ENTERPRISE_NAME
enterprise_col_89,瑞达5844科技有限公司,ENTERPRISE_NAME
enterprise_col_89,信达5845股份有限公司,ENTERPRISE_NAME
enterprise_col_89,系统导入_5060,ENTERPRISE_NAME
enterprise_col_89,瑞达5838实业有限公司,ENTERPRISE_NAME
enterprise_col_89,英迪5846集团有限公司,ENTERPRISE_NAME
enterprise_col_89,N/A-5059,ENTERPRISE_NAME
enterprise_col_89,param.5064.value,ENTERPRISE_NAME
enterprise_col_89,test_5061,ENTERPRISE_NAME
enterprise_col_90,N/A-5073,ENTERPRISE_NAME
enterprise_col_90,unknown_5067,ENTERPRISE_NAME
enterprise_col_90,云联5864集团有限公司,ENTERPRISE_NAME
enterprise_col_90,param.5068.value,ENTERPRISE_NAME
enterprise_col_90,鸿泰5868有限公司,ENTERPRISE_NAME
enterprise_col_90,英迪5858集团有限公司,ENTERPRISE_NAME
enterprise_col_90,云联5866实业有限公司,ENTERPRISE_NAME
enterprise_col_90,腾迅5860股份有限公司,ENTERPRISE_NAME
enterprise_col_90,恒远5863股份有限公司,ENTERPRISE_NAME
enterprise_col_90,56632846_5069,ENTERPRISE_NAME
enterprise_col_90,智汇5867股份有限公司,ENTERPRISE_NAME
enterprise_col_90,N/A-5071,ENTERPRISE_NAME
enterprise_col_90,18392436434,ENTERPRISE_NAME
enterprise_col_90,IDX00005070,ENTERPRISE_NAME
enterprise_col_90,博雅5862实业有限公司,ENTERPRISE_NAME
enterprise_col_90,华夏5865实业有限公司,ENTERPRISE_NAME
enterprise_col_90,N/A-5066,ENTERPRISE_NAME
enterprise_col_90,瑞达5859科技有限公司,ENTERPRISE_NAME
enterprise_col_90,中科5861科技有限公司,ENTERPRISE_NAME
enterprise_col_90,29612793_5065,ENTERPRISE_NAME
enterprise_col_91,腾迅5884科技有限公司,ENTERPRISE_NAME
enterprise_col_91,云联5880有限公司,ENTERPRISE_NAME
enterprise_col_91,腾迅5886科技有限公司,ENTERPRISE_NAME
enterprise_col_91,华夏5885集团有限公司,ENTERPRISE_NAME
enterprise_col_91,中科5878科技有限公司,ENTERPRISE_NAME
enterprise_col_91,英迪5887股份有限公司,ENTERPRISE_NAME
enterprise_col_91,瑞达5891集团有限公司,ENTERPRISE_NAME
enterprise_col_91,腾迅5890集团有限公司,ENTERPRISE_NAME
enterprise_col_91,博雅5889股份有限公司,ENTERPRISE_NAME
enterprise_col_91,中科5879股份有限公司,ENTERPRISE_NAME
enterprise_col_91,unknown_5074,ENTERPRISE_NAME
enterprise_col_91,云联5893集团有限公司,ENTERPRISE_NAME
enterprise_col_91,19457370902,ENTERPRISE_NAME
enterprise_col_91,博瑞5882实业有限公司,ENTERPRISE_NAME
enterprise_col_91,博雅5892有限公司,ENTERPRISE_NAME
enterprise_col_91,博瑞5888股份有限公司,ENTERPRISE_NAME
enterprise_col_91,华夏5883实业有限公司,ENTERPRISE_NAME
enterprise_col_91,IDX00005076,ENTERPRISE_NAME
enterprise_col_91,中科5894集团有限公司,ENTERPRISE_NAME
enterprise_col_91,信达5881实业有限公司,ENTERPRISE_NAME
enterprise_col_92,test_5082,ENTERPRISE_NAME
enterprise_col_92,中科5900科技有限公司,ENTERPRISE_NAME
enterprise_col_92,腾迅5901集团有限公司,ENTERPRISE_NAME
enterprise_col_92,param.5077.value,ENTERPRISE_NAME
enterprise_col_92,N/A-5080,ENTERPRISE_NAME
enterprise_col_92,博雅5905有限公司,ENTERPRISE_NAME
enterprise_col_92,博雅5902实业有限公司,ENTERPRISE_NAME
enterprise_col_92,cfg_5083,ENTERPRISE_NAME
enterprise_col_92,待核实_5079,ENTERPRISE_NAME
enterprise_col_92,cfg_5084,ENTERPRISE_NAME
enterprise_col_92,2018-04-24#5078,ENTERPRISE_NAME
enterprise_col_92,智汇5908集团有限公司,ENTERPRISE_NAME
enterprise_col_92,中科5907集团有限公司,ENTERPRISE_NAME
enterprise_col_92,unknown_5081,ENTERPRISE_NAME
enterprise_col_92,瑞达5903有限公司,ENTERPRISE_NAME
enterprise_col_92,IDX00005085,ENTERPRISE_NAME
enterprise_col_92,瑞达5898实业有限公司,ENTERPRISE_NAME
enterprise_col_92,中科5906科技有限公司,ENTERPRISE_NAME
enterprise_col_92,英迪5899科技有限公司,ENTERPRISE_NAME
enterprise_col_92,博雅5904股份有限公司,ENTERPRISE_NAME
enterprise_col_93,鸿泰5929集团有限公司,ENTERPRISE_NAME
enterprise_col_93,智汇5921集团有限公司,ENTERPRISE_NAME
enterprise_col_93,鸿泰5928有限公司,ENTERPRISE_NAME
enterprise_col_93,恒远5926实业有限公司,ENTERPRISE_NAME
enterprise_col_93,信达5930科技有限公司,ENTERPRISE_NAME
enterprise_col_93,腾迅5918科技有限公司,ENTERPRISE_NAME
enterprise_col_93,unknown_5086,ENTERPRISE_NAME
enterprise_col_93,2026-09-22#5088,ENTERPRISE_NAME
enterprise_col_93,N/A-5087,ENTERPRISE_NAME
enterprise_col_93,英迪5927股份有限公司,ENTERPRISE_NAME
enterprise_col_93,瑞达5931股份有限公司,ENTERPRISE_NAME
enterprise_col_93,N/A-5089,ENTERPRISE_NAME
enterprise_col_93,博瑞5923有限公司,ENTERPRISE_NAME
enterprise_col_93,中科5933股份有限公司,ENTERPRISE_NAME
enterprise_col_93,博雅5922科技有限公司,ENTERPRISE_NAME
enterprise_col_93,瑞达5932实业有限公司,ENTERPRISE_NAME
enterprise_col_93,博雅5925实业有限公司,ENTERPRISE_NAME
enterprise_col_93,英迪5924实业有限公司,ENTERPRISE_NAME
enterprise_col_93,恒远5920科技有限公司,ENTERPRISE_NAME
enterprise_col_93,英迪5919集团有限公司,ENTERPRISE_NAME
enterprise_col_94,中科5942有限公司,ENTERPRISE_NAME
enterprise_col_94,博瑞5950科技有限公司,ENTERPRISE_NAME
enterprise_col_94,英迪5944股份有限公司,ENTERPRISE_NAME
enterprise_col_94,华夏5946科技有限公司,ENTERPRISE_NAME
enterprise_col_94,鸿泰5951实业有限公司,ENTERPRISE_NAME
enterprise_col_94,中科5938实业有限公司,ENTERPRISE_NAME
enterprise_col_94,test_5092,ENTERPRISE_NAME
enterprise_col_94,中科5943有限公司,ENTERPRISE_NAME
enterprise_col_94,博雅5948有限公司,ENTERPRISE_NAME
enterprise_col_94,信达5947股份有限公司,ENTERPRISE_NAME
enterprise_col_94,华夏5945有限公司,ENTERPRISE_NAME
enterprise_col_94,备注信息_5095,ENTERPRISE_NAME
enterprise_col_94,16637661686,ENTERPRISE_NAME
enterprise_col_94,腾迅5941实业有限公司,ENTERPRISE_NAME
enterprise_col_94,博瑞5939集团有限公司,ENTERPRISE_NAME
enterprise_col_94,博瑞5940科技有限公司,ENTERPRISE_NAME
enterprise_col_94,N/A-5090,ENTERPRISE_NAME
enterprise_col_94,云联5949股份有限公司,ENTERPRISE_NAME
enterprise_col_94,2020-05-15#5094,ENTERPRISE_NAME
enterprise_col_94,系统导入_5091,ENTERPRISE_NAME
enterprise_col_95,unknown_5101,ENTERPRISE_NAME
enterprise_col_95,2025-07-09#5098,ENTERPRISE_NAME
enterprise_col_95,param.5096.value,ENTERPRISE_NAME
enterprise_col_95,博雅5963科技有限公司,ENTERPRISE_NAME
enterprise_col_95,华夏5967股份有限公司,ENTERPRISE_NAME
enterprise_col_95,英迪5970科技有限公司,ENTERPRISE_NAME
enterprise_col_95,N/A-5097,ENTERPRISE_NAME
enterprise_col_95,博瑞5962科技有限公司,ENTERPRISE_NAME
enterprise_col_95,N/A-5099,ENTERPRISE_NAME
enterprise_col_95,信达5959科技有限公司,ENTERPRISE_NAME
enterprise_col_95,腾迅5965股份有限公司,ENTERPRISE_NAME
enterprise_col_95,英迪5958集团有限公司,ENTERPRISE_NAME
enterprise_col_95,博瑞5961科技有限公司,ENTERPRISE_NAME
enterprise_col_95,智汇5964有限公司,ENTERPRISE_NAME
enterprise_col_95,云联5960实业有限公司,ENTERPRISE_NAME
enterprise_col_95,test_5102,ENTERPRISE_NAME
enterprise_col_95,智汇5966科技有限公司,ENTERPRISE_NAME
enterprise_col_95,恒远5968科技有限公司,ENTERPRISE_NAME
enterprise_col_95,系统导入_5100,ENTERPRISE_NAME
enterprise_col_95,信达5969有限公司,ENTERPRISE_NAME
enterprise_col_96,智汇5988有限公司,ENTERPRISE_NAME
enterprise_col_96,英迪5980实业有限公司,ENTERPRISE_NAME
enterprise_col_96,中科5990实业有限公司,ENTERPRISE_NAME
enterprise_col_96,英迪5985有限公司,ENTERPRISE_NAME
enterprise_col_96,IDX00005106,ENTERPRISE_NAME
enterprise_col_96,test_5104,ENTERPRISE_NAME
enterprise_col_96,云联5983股份有限公司,ENTERPRISE_NAME
enterprise_col_96,华夏5987科技有限公司,ENTERPRISE_NAME
enterprise_col_96,智汇5984有限公司,ENTERPRISE_NAME
enterprise_col_96,中科5991科技有限公司,ENTERPRISE_NAME
enterprise_col_96,信达5992科技有限公司,ENTERPRISE_NAME
enterprise_col_96,恒远5986集团有限公司,ENTERPRISE_NAME
enterprise_col_96,test_5107,ENTERPRISE_NAME
enterprise_col_96,恒远5979实业有限公司,ENTERPRISE_NAME
enterprise_col_96,param.5103.value,ENTERPRISE_NAME
enterprise_col_96,瑞达5989有限公司,ENTERPRISE_NAME
enterprise_col_96,瑞达5982集团有限公司,ENTERPRISE_NAME
enterprise_col_96,param.5105.value,ENTERPRISE_NAME
enterprise_col_96,腾迅5978科技有限公司,ENTERPRISE_NAME
enterprise_col_96,博雅5981集团有限公司,ENTERPRISE_NAME
enterprise_col_97,2023-05-17#5110,ENTERPRISE_NAME
enterprise_col_97,鸿泰6012实业有限公司,ENTERPRISE_NAME
enterprise_col_97,华夏6010集团有限公司,ENTERPRISE_NAME
enterprise_col_97,英迪6009科技有限公司,ENTERPRISE_NAME
enterprise_col_97,华夏6013股份有限公司,ENTERPRISE_NAME
enterprise_col_97,博雅5999科技有限公司,ENTERPRISE_NAME
enterprise_col_97,瑞达5998实业有限公司,ENTERPRISE_NAME
enterprise_col_97,华夏6005股份有限公司,ENTERPRISE_NAME
enterprise_col_97,信达6007实业有限公司,ENTERPRISE_NAME
enterprise_col_97,信达6002集团有限公司,ENTERPRISE_NAME
enterprise_col_97,unknown_5109,ENTERPRISE_NAME
enterprise_col_97,智汇6000集团有限公司,ENTERPRISE_NAME
enterprise_col_97,cfg_5111,ENTERPRISE_NAME
enterprise_col_97,博瑞6004股份有限公司,ENTERPRISE_NAME
enterprise_col_97,智汇6008实业有限公司,ENTERPRISE_NAME
enterprise_col_97,博雅6003股份有限公司,ENTERPRISE_NAME
enterprise_col_97,cfg_5108,ENTERPRISE_NAME
enterprise_col_97,华夏6006实业有限公司,ENTERPRISE_NAME
enterprise_col_97,英迪6001科技有限公司,ENTERPRISE_NAME
enterprise_col_97,鸿泰6011科技有限公司,ENTERPRISE_NAME
enterprise_col_98,50571390_5116,ENTERPRISE_NAME
enterprise_col_98,英迪6030股份有限公司,ENTERPRISE_NAME
enterprise_col_98,英迪6023实业有限公司,ENTERPRISE_NAME
enterprise_col_98,恒远6018股份有限公司,ENTERPRISE_NAME
enterprise_col_98,N/A-5117,ENTERPRISE_NAME
enterprise_col_98,cfg_5118,ENTERPRISE_NAME
enterprise_col_98,N/A-5114,ENTERPRISE_NAME
enterprise_col_98,unknown_5115,ENTERPRISE_NAME
enterprise_col_98,智汇6025集团有限公司,ENTERPRISE_NAME
enterprise_col_98,博雅6029股份有限公司,ENTERPRISE_NAME
enterprise_col_98,云联6026集团有限公司,ENTERPRISE_NAME
enterprise_col_98,英迪6027有限公司,ENTERPRISE_NAME
enterprise_col_98,IDX00005113,ENTERPRISE_NAME
enterprise_col_98,博雅6024有限公司,ENTERPRISE_NAME
enterprise_col_98,英迪6020有限公司,ENTERPRISE_NAME
enterprise_col_98,param.5112.value,ENTERPRISE_NAME
enterprise_col_98,华夏6022实业有限公司,ENTERPRISE_NAME
enterprise_col_98,中科6028科技有限公司,ENTERPRISE_NAME
enterprise_col_98,博瑞6019科技有限公司,ENTERPRISE_NAME
enterprise_col_98,英迪6021有限公司,ENTERPRISE_NAME
enterprise_col_99,华夏6049有限公司,ENTERPRISE_NAME
enterprise_col_99,腾迅6054科技有限公司,ENTERPRISE_NAME
enterprise_col_99,华夏6041集团有限公司,ENTERPRISE_NAME
enterprise_col_99,英迪6044科技有限公司,ENTERPRISE_NAME
enterprise_col_99,瑞达6050股份有限公司,ENTERPRISE_NAME
enterprise_col_99,2024-12-24#5119,ENTERPRISE_NAME
enterprise_col_99,博瑞6043科技有限公司,ENTERPRISE_NAME
enterprise_col_99,博雅6052集团有限公司,ENTERPRISE_NAME
enterprise_col_99,腾迅6038实业有限公司,ENTERPRISE_NAME
enterprise_col_99,鸿泰6045科技有限公司,ENTERPRISE_NAME
enterprise_col_99,华夏6042集团有限公司,ENTERPRISE_NAME
enterprise_col_99,cfg_5120,ENTERPRISE_NAME
enterprise_col_99,鸿泰6047集团有限公司,ENTERPRISE_NAME
enterprise_col_99,英迪6040实业有限公司,ENTERPRISE_NAME
enterprise_col_99,腾迅6055股份有限公司,ENTERPRISE_NAME
enterprise_col_99,华夏6053有限公司,ENTERPRISE_NAME
enterprise_col_99,鸿泰6046集团有限公司,ENTERPRISE_NAME
enterprise_col_99,华夏6048科技有限公司,ENTERPRISE_NAME
enterprise_col_99,华夏6051股份有限公司,ENTERPRISE_NAME
enterprise_col_99,腾迅6039股份有限公司,ENTERPRISE_NAME
enterprise_col_100,信达6068有限公司,ENTERPRISE_NAME
enterprise_col_100,系统导入_5121,ENTERPRISE_NAME
enterprise_col_100,中科6059集团有限公司,ENTERPRISE_NAME
enterprise_col_100,信达6071科技有限公司,ENTERPRISE_NAME
enterprise_col_100,2018-08-14#5123,ENTERPRISE_NAME
enterprise_col_100,博雅6069科技有限公司,ENTERPRISE_NAME
enterprise_col_100,博瑞6067实业有限公司,ENTERPRISE_NAME
enterprise_col_100,unknown_5122,ENTERPRISE_NAME
enterprise_col_100,博雅6064科技有限公司,ENTERPRISE_NAME
enterprise_col_100,信达6070科技有限公司,ENTERPRISE_NAME
enterprise_col_100,英迪6073集团有限公司,ENTERPRISE_NAME
enterprise_col_100,英迪6063股份有限公司,ENTERPRISE_NAME
enterprise_col_100,英迪6066集团有限公司,ENTERPRISE_NAME
enterprise_col_100,云联6065股份有限公司,ENTERPRISE_NAME
enterprise_col_100,云联6058实业有限公司,ENTERPRISE_NAME
enterprise_col_100,IDX00005124,ENTERPRISE_NAME
enterprise_col_100,信达6072实业有限公司,ENTERPRISE_NAME
enterprise_col_100,恒远6061股份有限公司,ENTERPRISE_NAME
enterprise_col_100,腾迅6062股份有限公司,ENTERPRISE_NAME
enterprise_col_100,华夏6060股份有限公司,ENTERPRISE_NAME
